,Temperature,Humidity,Pressure,Co2,DateTime,Time,State
0,35.98,37.0,924.3,607.0,2022-12-02 00:00:13,00:00,0
1,35.975,45.5,924.3,606.25,2022-12-02 00:01:29,00:01,0
2,35.975,41.75,924.2250000000001,611.0,2022-12-02 00:02:44,00:02,0
3,35.989999999999995,49.0,924.2749999999999,617.5,2022-12-02 00:04:00,00:04,0
4,36.0,51.5,924.2249999999999,621.75,2022-12-02 00:05:15,00:05,0
5,36.0,48.5,924.2749999999999,602.5,2022-12-02 00:06:31,00:06,0
6,35.98499999999999,43.0,924.2250000000001,585.75,2022-12-02 00:07:46,00:07,0
7,35.965,47.5,924.2,600.0,2022-12-02 00:09:02,00:09,0
8,35.957499999999996,37.75,924.2,612.25,2022-12-02 00:10:17,00:10,0
9,35.945,50.75,924.2,617.0,2022-12-02 00:11:33,00:11,0
10,35.964999999999996,47.25,924.2,615.25,2022-12-02 00:12:48,00:12,0
11,35.989999999999995,48.5,924.2,615.25,2022-12-02 00:14:03,00:14,0
12,35.98,41.5,924.2249999999999,607.75,2022-12-02 00:15:19,00:15,0
13,35.98,44.25,924.2250000000001,613.5,2022-12-02 00:16:34,00:16,0
14,35.98,50.25,924.25,604.5,2022-12-02 00:17:50,00:17,0
15,35.965,52.0,924.25,605.75,2022-12-02 00:19:05,00:19,0
16,35.935,55.75,924.2249999999999,617.5,2022-12-02 00:20:21,00:20,0
17,35.93,39.75,924.25,618.25,2022-12-02 00:21:36,00:21,0
18,35.93,43.5,924.175,609.0,2022-12-02 00:22:51,00:22,0
19,35.98,40.0,924.2,614.5,2022-12-02 00:24:07,00:24,0
20,35.98,33.75,924.2,616.75,2022-12-02 00:25:22,00:25,0
21,36.0,43.75,924.2,600.75,2022-12-02 00:26:38,00:26,0
22,36.005,37.5,924.2,600.25,2022-12-02 00:27:53,00:27,0
23,35.995,39.5,924.2,593.5,2022-12-02 00:29:09,00:29,0
24,35.965,45.0,924.2,596.0,2022-12-02 00:30:24,00:30,0
25,35.965,43.0,924.2,614.25,2022-12-02 00:31:40,00:31,0
26,35.989999999999995,47.25,924.2,618.25,2022-12-02 00:32:55,00:32,0
27,35.98,42.25,924.2,621.0,2022-12-02 00:34:11,00:34,0
28,36.0,39.0,924.2,606.0,2022-12-02 00:35:26,00:35,0
29,36.0,47.0,924.2,605.0,2022-12-02 00:36:42,00:36,0
30,36.0,52.5,924.2250000000001,607.25,2022-12-02 00:37:57,00:37,0
31,35.98499999999999,54.0,924.2,608.25,2022-12-02 00:39:12,00:39,0
32,35.964999999999996,43.75,924.25,618.75,2022-12-02 00:40:28,00:40,0
33,36.0,41.5,924.2249999999999,609.75,2022-12-02 00:41:43,00:41,0
34,36.0,45.25,924.2,604.25,2022-12-02 00:42:59,00:42,0
35,36.0,46.0,924.2,595.0,2022-12-02 00:44:15,00:44,0
36,35.98499999999999,37.0,924.2,595.0,2022-12-02 00:45:30,00:45,0
37,35.98,41.0,924.15,594.0,2022-12-02 00:46:46,00:46,0
38,35.96,45.75,924.1,604.75,2022-12-02 00:48:01,00:48,0
39,35.9525,43.75,924.175,613.5,2022-12-02 00:49:17,00:49,0
40,35.975,34.75,924.1,599.75,2022-12-02 00:50:32,00:50,0
41,36.0,46.5,924.1,592.0,2022-12-02 00:51:48,00:51,0
42,35.98,41.5,924.1,587.25,2022-12-02 00:53:03,00:53,0
43,35.975,46.75,924.1,588.0,2022-12-02 00:54:19,00:54,0
44,35.96,37.0,924.1,578.75,2022-12-02 00:55:34,00:55,0
45,35.96,44.0,924.1,590.75,2022-12-02 00:56:49,00:56,0
46,35.925,47.75,924.0749999999999,596.25,2022-12-02 00:58:05,00:58,0
47,35.93,44.25,924.075,597.0,2022-12-02 00:59:20,00:59,0
48,35.967499999999994,41.25,924.1,588.0,2022-12-02 01:00:36,01:00,0
49,35.98,49.0,924.1,590.5,2022-12-02 01:01:51,01:01,0
50,35.989999999999995,44.5,924.1,603.5,2022-12-02 01:03:07,01:03,0
51,35.98,43.5,924.1,602.5,2022-12-02 01:04:22,01:04,0
52,35.98,41.75,924.1,594.25,2022-12-02 01:05:37,01:05,0
53,35.96,49.25,924.1,590.75,2022-12-02 01:06:53,01:06,0
54,35.95,47.75,924.1,591.75,2022-12-02 01:08:08,01:08,0
55,35.9525,49.75,924.1,587.5,2022-12-02 01:09:24,01:09,0
56,35.97,41.75,924.1,591.5,2022-12-02 01:10:39,01:10,0
57,35.96,51.5,924.1,597.75,2022-12-02 01:11:55,01:11,0
58,35.96,37.0,924.1,593.0,2022-12-02 01:13:10,01:13,0
59,35.9525,45.75,924.1,598.5,2022-12-02 01:14:26,01:14,0
60,35.95,41.0,924.1,589.5,2022-12-02 01:15:41,01:15,0
61,35.93,45.25,924.025,590.75,2022-12-02 01:16:57,01:16,0
62,35.93,41.0,924.0749999999999,592.0,2022-12-02 01:18:12,01:18,0
63,35.9625,35.25,924.1,595.75,2022-12-02 01:19:28,01:19,0
64,35.98,48.25,924.1,586.5,2022-12-02 01:20:43,01:20,0
65,35.98,49.0,924.1,586.5,2022-12-02 01:21:59,01:21,0
66,35.985,46.5,924.1,589.5,2022-12-02 01:23:14,01:23,0
67,35.98,43.25,924.1,594.5,2022-12-02 01:24:29,01:24,0
68,35.975,48.75,924.1,587.5,2022-12-02 01:25:45,01:25,0
69,35.9525,46.25,924.1,584.0,2022-12-02 01:27:00,01:27,0
70,35.955,39.25,924.1,588.5,2022-12-02 01:28:16,01:28,0
71,35.98,44.25,924.05,587.0,2022-12-02 01:29:31,01:29,0
72,35.965,38.75,924.0749999999999,593.25,2022-12-02 01:30:47,01:30,0
73,35.957499999999996,44.75,924.05,595.5,2022-12-02 01:32:02,01:32,0
74,35.945,47.5,924.05,597.5,2022-12-02 01:33:18,01:33,0
75,35.93,46.75,924.0,582.25,2022-12-02 01:34:33,01:34,0
76,35.91,45.5,924.025,570.5,2022-12-02 01:35:49,01:35,0
77,35.91,49.0,924.05,578.0,2022-12-02 01:37:04,01:37,0
78,35.925,39.5,924.0,582.5,2022-12-02 01:38:20,01:38,0
79,35.955,43.5,924.0,589.5,2022-12-02 01:39:35,01:39,0
80,35.955,49.75,924.025,584.0,2022-12-02 01:40:51,01:40,0
81,35.957499999999996,38.5,924.0,588.0,2022-12-02 01:42:06,01:42,0
82,35.95,39.0,924.0,581.0,2022-12-02 01:43:22,01:43,0
83,35.95,41.5,924.0,594.5,2022-12-02 01:44:37,01:44,0
84,35.93,48.75,924.0,584.25,2022-12-02 01:45:53,01:45,0
85,35.94,42.25,924.0,580.5,2022-12-02 01:47:08,01:47,0
86,35.98,48.0,924.0,589.0,2022-12-02 01:48:23,01:48,0
87,35.995,41.75,924.0,582.75,2022-12-02 01:49:39,01:49,0
88,35.98,48.0,924.0,591.75,2022-12-02 01:50:54,01:50,0
89,35.9525,43.75,924.0,587.75,2022-12-02 01:52:10,01:52,0
90,35.93,41.25,924.0,591.5,2022-12-02 01:53:25,01:53,0
91,35.91,42.0,924.0,584.25,2022-12-02 01:54:41,01:54,0
92,35.89,45.25,924.0,581.75,2022-12-02 01:55:56,01:55,0
93,35.905,39.75,924.0,572.0,2022-12-02 01:57:12,01:57,0
94,35.94500000000001,39.0,924.0,585.5,2022-12-02 01:58:27,01:58,0
95,35.94500000000001,42.25,924.0,576.75,2022-12-02 01:59:42,01:59,0
96,35.94,51.0,923.95,575.25,2022-12-02 02:00:58,02:00,0
97,35.945,48.25,923.975,569.25,2022-12-02 02:02:13,02:02,0
98,35.935,46.0,923.9250000000001,572.75,2022-12-02 02:03:29,02:03,0
99,35.915,43.0,923.925,586.5,2022-12-02 02:04:44,02:04,0
100,35.905,48.0,923.9250000000001,582.25,2022-12-02 02:05:59,02:05,0
101,35.92,38.75,923.9,570.5,2022-12-02 02:07:15,02:07,0
102,35.915,49.25,923.9,575.5,2022-12-02 02:08:30,02:08,0
103,35.91,47.75,923.925,570.0,2022-12-02 02:09:46,02:09,0
104,35.89,38.25,923.9,559.0,2022-12-02 02:11:01,02:11,0
105,35.89,37.75,923.9,568.5,2022-12-02 02:12:16,02:12,0
106,35.88,37.0,923.9250000000001,577.5,2022-12-02 02:13:32,02:13,0
107,35.85,49.0,923.9,585.75,2022-12-02 02:14:47,02:14,0
108,35.84,43.25,923.9,578.25,2022-12-02 02:16:03,02:16,0
109,35.875,50.25,923.9,567.0,2022-12-02 02:17:18,02:17,0
110,35.864999999999995,48.75,923.8499999999999,575.5,2022-12-02 02:18:33,02:18,0
111,35.855000000000004,41.0,923.875,577.75,2022-12-02 02:19:49,02:19,0
112,35.84,47.5,923.875,570.0,2022-12-02 02:21:04,02:21,0
113,35.84,44.0,923.8499999999999,567.75,2022-12-02 02:22:20,02:22,0
114,35.815,48.25,923.9,560.25,2022-12-02 02:23:35,02:23,0
115,35.7875,39.75,923.9,547.0,2022-12-02 02:24:50,02:24,0
116,35.79,46.0,923.9,565.5,2022-12-02 02:26:06,02:26,0
117,35.8,44.0,923.9,580.75,2022-12-02 02:27:21,02:27,0
118,35.8,45.0,923.9,573.0,2022-12-02 02:28:37,02:28,0
119,35.8,45.0,923.9,557.0,2022-12-02 02:29:52,02:29,0
120,35.8,44.0,923.9,567.25,2022-12-02 02:31:07,02:31,0
121,35.8,52.25,923.9,566.0,2022-12-02 02:32:23,02:32,0
122,35.785,46.5,923.825,555.5,2022-12-02 02:33:38,02:33,0
123,35.775000000000006,38.0,923.8249999999999,562.0,2022-12-02 02:34:54,02:34,0
124,35.8025,45.5,923.825,575.5,2022-12-02 02:36:09,02:36,0
125,35.84,42.25,923.9,571.25,2022-12-02 02:37:25,02:37,0
126,35.84,45.75,923.8499999999999,562.25,2022-12-02 02:38:40,02:38,0
127,35.845,48.5,923.825,561.0,2022-12-02 02:39:56,02:39,0
128,35.84,38.0,923.8,562.5,2022-12-02 02:41:11,02:41,0
129,35.84,40.5,923.8,554.75,2022-12-02 02:42:27,02:42,0
130,35.824999999999996,36.25,923.8,557.0,2022-12-02 02:43:42,02:43,0
131,35.82,50.5,923.8,560.5,2022-12-02 02:44:58,02:44,0
132,35.835,43.75,923.8,558.0,2022-12-02 02:46:13,02:46,0
133,35.84,48.75,923.8,565.75,2022-12-02 02:47:29,02:47,0
134,35.84,45.0,923.8,556.25,2022-12-02 02:48:44,02:48,0
135,35.84,36.0,923.8,558.0,2022-12-02 02:49:59,02:49,0
136,35.84,47.0,923.8,557.75,2022-12-02 02:51:15,02:51,0
137,35.835,46.75,923.8,556.25,2022-12-02 02:52:30,02:52,0
138,35.815,40.5,923.8,549.25,2022-12-02 02:53:46,02:53,0
139,35.825,43.5,923.8,557.0,2022-12-02 02:55:01,02:55,0
140,35.87,41.75,923.8,558.75,2022-12-02 02:56:17,02:56,0
141,35.86,38.0,923.8,565.25,2022-12-02 02:57:32,02:57,0
142,35.84,40.75,923.8,563.25,2022-12-02 02:58:47,02:58,0
143,35.82,52.0,923.7250000000001,555.0,2022-12-02 03:00:03,03:00,0
144,35.835,49.5,923.7,560.75,2022-12-02 03:01:18,03:01,0
145,35.81,38.5,923.7249999999999,572.25,2022-12-02 03:02:33,03:02,0
146,35.7925,44.0,923.7249999999999,564.25,2022-12-02 03:03:49,03:03,0
147,35.8125,44.25,923.7,554.75,2022-12-02 03:05:04,03:05,0
148,35.84,48.75,923.7,555.75,2022-12-02 03:06:20,03:06,0
149,35.86,38.25,923.7,562.5,2022-12-02 03:07:35,03:07,0
150,35.8675,42.0,923.7,573.5,2022-12-02 03:08:50,03:08,0
151,35.864999999999995,41.5,923.7,574.5,2022-12-02 03:10:06,03:10,0
152,35.835,49.0,923.7,563.25,2022-12-02 03:11:21,03:11,0
153,35.8025,45.0,923.7,552.5,2022-12-02 03:12:37,03:12,0
154,35.7825,45.0,923.7,556.0,2022-12-02 03:13:53,03:13,0
155,35.82,46.25,923.7,557.5,2022-12-02 03:15:08,03:15,0
156,35.845,43.5,923.7,560.25,2022-12-02 03:16:23,03:16,0
157,35.845,36.5,923.675,560.5,2022-12-02 03:17:39,03:17,0
158,35.84,42.0,923.7,558.25,2022-12-02 03:18:54,03:18,0
159,35.84,44.0,923.675,554.75,2022-12-02 03:20:10,03:20,0
160,35.83,43.25,923.7,562.75,2022-12-02 03:21:25,03:21,0
161,35.8,46.75,923.7,552.0,2022-12-02 03:22:41,03:22,0
162,35.8,44.25,923.7,556.0,2022-12-02 03:23:56,03:23,0
163,35.84,37.5,923.65,557.5,2022-12-02 03:25:12,03:25,0
164,35.84,40.25,923.6500000000001,553.5,2022-12-02 03:26:27,03:26,0
165,35.82,49.0,923.6,548.75,2022-12-02 03:27:43,03:27,0
166,35.82,54.75,923.6,546.0,2022-12-02 03:28:58,03:28,0
167,35.82,46.25,923.6,551.25,2022-12-02 03:30:13,03:30,0
168,35.815,40.0,923.6,548.5,2022-12-02 03:31:29,03:31,0
169,35.8,51.5,923.6,547.75,2022-12-02 03:32:44,03:32,0
170,35.809999999999995,46.25,923.6,556.75,2022-12-02 03:34:00,03:34,0
171,35.83,41.25,923.6,547.0,2022-12-02 03:35:15,03:35,0
172,35.82,47.0,923.6,548.75,2022-12-02 03:36:31,03:36,0
173,35.82,55.75,923.6,567.5,2022-12-02 03:37:46,03:37,0
174,35.81,34.75,923.6,556.0,2022-12-02 03:39:02,03:39,0
175,35.79,47.0,923.6,546.25,2022-12-02 03:40:17,03:40,0
176,35.755,54.0,923.6,547.5,2022-12-02 03:41:32,03:41,0
177,35.75,44.75,923.5749999999999,550.25,2022-12-02 03:42:48,03:42,0
178,35.7825,39.5,923.55,535.5,2022-12-02 03:44:03,03:44,0
179,35.8,50.5,923.6,549.75,2022-12-02 03:45:19,03:45,0
180,35.8,46.75,923.6,554.75,2022-12-02 03:46:34,03:46,0
181,35.805,34.5,923.6,552.25,2022-12-02 03:47:49,03:47,0
182,35.79,41.0,923.6,544.75,2022-12-02 03:49:05,03:49,0
183,35.767500000000005,47.0,923.55,537.75,2022-12-02 03:50:20,03:50,0
184,35.72,41.25,923.5,549.25,2022-12-02 03:51:36,03:51,0
185,35.71,47.75,923.5,537.25,2022-12-02 03:52:51,03:52,0
186,35.760000000000005,44.25,923.525,538.75,2022-12-02 03:54:07,03:54,0
187,35.77,45.0,923.5,543.0,2022-12-02 03:55:22,03:55,0
188,35.760000000000005,51.25,923.5,548.75,2022-12-02 03:56:38,03:56,0
189,35.76500000000001,42.5,923.5,542.0,2022-12-02 03:57:53,03:57,0
190,35.760000000000005,49.5,923.45,541.0,2022-12-02 03:59:08,03:59,0
191,35.73499999999999,40.0,923.425,538.25,2022-12-02 04:00:24,04:00,0
192,35.705,44.75,923.4250000000001,545.5,2022-12-02 04:01:39,04:01,0
193,35.7025,53.0,923.4,560.75,2022-12-02 04:02:55,04:02,0
194,35.715,40.0,923.4,563.5,2022-12-02 04:04:10,04:04,0
195,35.71,45.0,923.4,557.75,2022-12-02 04:05:26,04:05,0
196,35.71,43.25,923.4,551.5,2022-12-02 04:06:41,04:06,0
197,35.71,39.75,923.4,545.0,2022-12-02 04:07:57,04:07,0
198,35.7075,49.25,923.4,541.75,2022-12-02 04:09:12,04:09,0
199,35.685,45.25,923.4,552.5,2022-12-02 04:10:27,04:10,0
200,35.69,35.25,923.4,552.75,2022-12-02 04:11:43,04:11,0
201,35.735,47.5,923.375,546.75,2022-12-02 04:12:58,04:12,0
202,35.745,40.0,923.375,550.25,2022-12-02 04:14:14,04:14,0
203,35.75,43.5,923.375,545.5,2022-12-02 04:15:29,04:15,0
204,35.73,51.25,923.3,548.25,2022-12-02 04:16:45,04:16,0
205,35.715,49.75,923.3,548.0,2022-12-02 04:18:00,04:18,0
206,35.71,46.5,923.4,548.5,2022-12-02 04:19:16,04:19,0
207,35.68,50.0,923.325,552.0,2022-12-02 04:20:31,04:20,0
208,35.71,47.25,923.3,540.0,2022-12-02 04:21:47,04:21,0
209,35.73499999999999,40.5,923.3,542.25,2022-12-02 04:23:02,04:23,0
210,35.73,41.5,923.3,542.5,2022-12-02 04:24:18,04:24,0
211,35.72,50.5,923.3,540.5,2022-12-02 04:25:33,04:25,0
212,35.71,39.75,923.3,543.5,2022-12-02 04:26:49,04:26,0
213,35.71,47.25,923.3,536.75,2022-12-02 04:28:04,04:28,0
214,35.71,46.5,923.3,532.5,2022-12-02 04:29:19,04:29,0
215,35.72,54.0,923.3,527.0,2022-12-02 04:30:35,04:30,0
216,35.7575,36.5,923.3,541.0,2022-12-02 04:31:50,04:31,0
217,35.785,54.25,923.35,535.25,2022-12-02 04:33:06,04:33,0
218,35.792500000000004,53.0,923.3499999999999,536.75,2022-12-02 04:34:21,04:34,0
219,35.8,43.25,923.3,548.0,2022-12-02 04:35:37,04:35,0
220,35.794999999999995,43.75,923.3,537.75,2022-12-02 04:36:52,04:36,0
221,35.7875,44.75,923.3,541.75,2022-12-02 04:38:07,04:38,0
222,35.75,43.5,923.3,544.0,2022-12-02 04:39:23,04:39,0
223,35.755,52.75,923.3,546.5,2022-12-02 04:40:38,04:40,0
224,35.8,45.5,923.3,553.75,2022-12-02 04:41:54,04:41,0
225,35.805,47.0,923.3,545.0,2022-12-02 04:43:09,04:43,0
226,35.809999999999995,38.75,923.3,545.75,2022-12-02 04:44:25,04:44,0
227,35.82,46.5,923.3,537.75,2022-12-02 04:45:40,04:45,0
228,35.8,41.5,923.3,543.25,2022-12-02 04:46:56,04:46,0
229,35.7925,45.5,923.3,537.5,2022-12-02 04:48:11,04:48,0
230,35.77,49.75,923.2749999999999,536.25,2022-12-02 04:49:27,04:49,0
231,35.78999999999999,44.5,923.2750000000001,535.0,2022-12-02 04:50:42,04:50,0
232,35.82,49.25,923.25,540.75,2022-12-02 04:51:58,04:51,0
233,35.82,42.5,923.2249999999999,552.25,2022-12-02 04:53:13,04:53,0
234,35.82,47.75,923.2750000000001,555.25,2022-12-02 04:54:29,04:54,0
235,35.815,44.75,923.25,553.25,2022-12-02 04:55:44,04:55,0
236,35.8,43.0,923.2749999999999,545.5,2022-12-02 04:57:00,04:57,0
237,35.794999999999995,44.5,923.3,538.25,2022-12-02 04:58:15,04:58,0
238,35.79,40.25,923.2750000000001,523.5,2022-12-02 04:59:31,04:59,0
239,35.825,42.75,923.3,532.0,2022-12-02 05:00:46,05:00,0
240,35.84,45.75,923.2750000000001,534.5,2022-12-02 05:02:01,05:02,0
241,35.84,52.5,923.2249999999999,541.0,2022-12-02 05:03:17,05:03,0
242,35.835,43.25,923.25,540.25,2022-12-02 05:04:32,05:04,0
243,35.84,49.75,923.25,536.5,2022-12-02 05:05:48,05:05,0
244,35.824999999999996,50.0,923.25,528.5,2022-12-02 05:07:04,05:07,0
245,35.8,42.75,923.25,530.5,2022-12-02 05:08:19,05:08,0
246,35.84,41.75,923.2,537.25,2022-12-02 05:09:35,05:09,0
247,35.89,44.0,923.2,538.25,2022-12-02 05:10:50,05:10,0
248,35.894999999999996,45.75,923.2,540.25,2022-12-02 05:12:06,05:12,0
249,35.91,40.25,923.2,538.5,2022-12-02 05:13:21,05:13,0
250,35.93,55.5,923.2,535.75,2022-12-02 05:14:37,05:14,0
251,35.93,50.0,923.2,536.5,2022-12-02 05:15:52,05:15,0
252,35.93,38.0,923.2,542.25,2022-12-02 05:17:08,05:17,0
253,35.9425,41.75,923.2,541.75,2022-12-02 05:18:23,05:18,0
254,35.99,34.25,923.2249999999999,534.25,2022-12-02 05:19:38,05:19,0
255,36.005,47.5,923.2249999999999,526.0,2022-12-02 05:20:54,05:20,0
256,36.0275,40.75,923.2749999999999,534.5,2022-12-02 05:22:09,05:22,0
257,36.02250000000001,40.0,923.2,536.0,2022-12-02 05:23:25,05:23,0
258,36.02,36.75,923.2249999999999,528.0,2022-12-02 05:24:40,05:24,0
259,36.010000000000005,43.0,923.2,532.0,2022-12-02 05:25:56,05:25,0
260,35.995,56.0,923.2,531.0,2022-12-02 05:27:11,05:27,0
261,36.0125,47.75,923.2,532.5,2022-12-02 05:28:27,05:28,0
262,36.04,39.75,923.2,538.0,2022-12-02 05:29:42,05:29,0
263,36.045,42.25,923.2,543.75,2022-12-02 05:30:58,05:30,0
264,36.05,53.75,923.2,546.5,2022-12-02 05:32:13,05:32,0
265,36.05,50.75,923.2,533.5,2022-12-02 05:33:29,05:33,0
266,36.055,48.25,923.2,526.25,2022-12-02 05:34:44,05:34,0
267,36.0425,46.5,923.2,524.0,2022-12-02 05:36:00,05:36,0
268,36.037499999999994,49.0,923.2,524.75,2022-12-02 05:37:15,05:37,0
269,36.09,46.0,923.2,531.0,2022-12-02 05:38:30,05:38,0
270,36.11,40.75,923.2,536.0,2022-12-02 05:39:46,05:39,0
271,36.12,39.5,923.2,534.5,2022-12-02 05:41:01,05:41,0
272,36.1175,37.5,923.2,528.25,2022-12-02 05:42:17,05:42,0
273,36.11,49.75,923.2,525.25,2022-12-02 05:43:32,05:43,0
274,36.12,42.25,923.2,521.25,2022-12-02 05:44:47,05:44,0
275,36.122499999999995,42.75,923.2,533.0,2022-12-02 05:46:03,05:46,0
276,36.1375,46.5,923.2,530.75,2022-12-02 05:47:18,05:47,0
277,36.18,45.0,923.2,527.75,2022-12-02 05:48:34,05:48,0
278,36.18,52.0,923.2,519.0,2022-12-02 05:49:49,05:49,0
279,36.18,40.5,923.25,527.75,2022-12-02 05:51:05,05:51,0
280,36.2075,45.5,923.2249999999999,533.25,2022-12-02 05:52:20,05:52,0
281,36.224999999999994,50.75,923.2,541.0,2022-12-02 05:53:36,05:53,0
282,36.23,41.0,923.2250000000001,537.0,2022-12-02 05:54:51,05:54,0
283,36.23,43.75,923.2,523.5,2022-12-02 05:56:07,05:56,0
284,36.265,36.25,923.2750000000001,529.5,2022-12-02 05:57:22,05:57,0
285,36.29,43.5,923.2750000000001,523.25,2022-12-02 05:58:37,05:58,0
286,36.295,46.25,923.3,526.5,2022-12-02 05:59:53,05:59,0
287,36.33,40.75,923.3,522.5,2022-12-02 06:02:53,06:02,0
288,36.3875,41.0,923.3,530.5,2022-12-02 06:04:08,06:04,0
289,36.4,47.0,923.3,532.25,2022-12-02 06:05:24,06:05,0
290,36.3875,36.0,923.2750000000001,544.5,2022-12-02 06:06:39,06:06,0
291,36.46,54.75,923.3,537.25,2022-12-02 06:07:54,06:07,0
292,36.48,47.5,923.3,534.0,2022-12-02 06:09:10,06:09,0
293,36.465,45.5,923.3,534.0,2022-12-02 06:10:25,06:10,0
294,36.48,45.5,923.2749999999999,540.5,2022-12-02 06:11:41,06:11,0
295,36.495,35.25,923.25,553.25,2022-12-02 06:12:56,06:12,0
296,36.5,48.0,923.2249999999999,548.25,2022-12-02 06:14:11,06:14,0
297,36.47,43.75,923.3,541.75,2022-12-02 06:15:27,06:15,0
298,36.475,47.0,923.3,535.5,2022-12-02 06:16:42,06:16,0
299,36.53,43.75,923.2249999999999,531.25,2022-12-02 06:17:58,06:17,0
300,36.555,45.75,923.2,539.75,2022-12-02 06:19:13,06:19,0
301,36.575,51.25,923.2,546.5,2022-12-02 06:20:28,06:20,0
302,36.585,40.25,923.2,558.25,2022-12-02 06:21:44,06:21,0
303,36.58,34.0,923.2,567.25,2022-12-02 06:22:59,06:22,0
304,36.58,42.75,923.2,569.25,2022-12-02 06:24:15,06:24,0
305,36.58,47.0,923.2,582.75,2022-12-02 06:25:30,06:25,0
306,36.635,45.25,923.2,588.75,2022-12-02 06:26:46,06:26,0
307,36.64,45.5,923.2,595.0,2022-12-02 06:28:01,06:28,0
308,36.64,52.5,923.2,595.5,2022-12-02 06:29:17,06:29,0
309,36.66,55.25,923.2,601.5,2022-12-02 06:30:32,06:30,0
310,36.66,48.75,923.2,620.0,2022-12-02 06:31:48,06:31,0
311,36.66,48.5,923.2,624.5,2022-12-02 06:33:03,06:33,0
312,36.635,50.5,923.2,623.25,2022-12-02 06:34:19,06:34,0
313,36.665000000000006,45.75,923.2,618.5,2022-12-02 06:35:34,06:35,0
314,36.71,41.5,923.2,627.25,2022-12-02 06:36:50,06:36,0
315,36.735,44.0,923.2,632.75,2022-12-02 06:38:05,06:38,0
316,36.75,40.75,923.2,635.75,2022-12-02 06:39:20,06:39,0
317,36.75,41.0,923.2,633.0,2022-12-02 06:40:36,06:40,0
318,36.75,41.25,923.2,637.5,2022-12-02 06:41:51,06:41,0
319,36.75,50.5,923.2,644.75,2022-12-02 06:43:07,06:43,0
320,36.73,43.0,923.2,641.5,2022-12-02 06:44:22,06:44,0
321,36.79,43.0,923.2249999999999,639.75,2022-12-02 06:45:38,06:45,0
322,36.7975,42.25,923.2,655.5,2022-12-02 06:46:53,06:46,0
323,36.8,43.25,923.2,678.5,2022-12-02 06:48:08,06:48,0
324,36.815,43.75,923.2,696.5,2022-12-02 06:49:24,06:49,0
325,36.8,36.5,923.2,708.25,2022-12-02 06:50:39,06:50,0
326,36.8,40.75,923.25,697.0,2022-12-02 06:51:54,06:51,0
327,36.7975,37.25,923.2249999999999,696.75,2022-12-02 06:53:10,06:53,0
328,36.805,38.25,923.25,724.75,2022-12-02 06:54:25,06:54,0
329,36.835,42.75,923.3,749.25,2022-12-02 06:55:41,06:55,0
330,36.835,39.5,923.3,749.75,2022-12-02 06:56:56,06:56,0
331,36.84,49.5,923.2750000000001,766.75,2022-12-02 06:58:11,06:58,0
332,36.87,48.25,923.25,795.75,2022-12-02 06:59:27,06:59,0
333,36.87,46.75,923.3,837.75,2022-12-02 07:00:42,07:00,1
334,36.8625,51.25,923.25,875.0,2022-12-02 07:01:58,07:01,1
335,36.845,47.25,923.25,926.0,2022-12-02 07:03:13,07:03,1
336,36.8925,47.0,923.2,959.25,2022-12-02 07:04:29,07:04,1
337,36.91,44.5,923.2,966.0,2022-12-02 07:05:44,07:05,1
338,36.92,52.25,923.2249999999999,968.5,2022-12-02 07:07:00,07:07,1
339,36.925,44.0,923.3,995.25,2022-12-02 07:08:15,07:08,1
340,36.91,45.25,923.25,1023.25,2022-12-02 07:09:30,07:09,1
341,36.91,47.0,923.2,1051.25,2022-12-02 07:10:46,07:10,1
342,36.9,37.25,923.25,1070.0,2022-12-02 07:12:01,07:12,1
343,36.905,42.5,923.25,1064.25,2022-12-02 07:13:17,07:13,1
344,36.97,41.75,923.2750000000001,1059.25,2022-12-02 07:14:32,07:14,1
345,36.975,46.25,923.2750000000001,1066.5,2022-12-02 07:15:48,07:15,1
346,36.964999999999996,48.0,923.3,1096.25,2022-12-02 07:17:03,07:17,1
347,36.985,49.25,923.2750000000001,1097.5,2022-12-02 07:18:19,07:18,1
348,37.0,43.0,923.2749999999999,1111.25,2022-12-02 07:19:33,07:19,2
349,37.015,42.75,923.3,1103.0,2022-12-02 07:20:48,07:20,2
350,36.995,49.75,923.2250000000001,1103.5,2022-12-02 07:22:04,07:22,2
351,37.0275,53.0,923.3,1107.75,2022-12-02 07:23:19,07:23,2
352,37.055,48.5,923.3,1111.0,2022-12-02 07:24:35,07:24,2
353,37.07,49.5,923.3,1111.5,2022-12-02 07:25:50,07:25,2
354,37.0425,43.75,923.2750000000001,1109.0,2022-12-02 07:27:05,07:27,2
355,37.07,47.0,923.3,1133.75,2022-12-02 07:28:21,07:28,2
356,37.07,41.0,923.3,1159.25,2022-12-02 07:29:36,07:29,2
357,37.07,44.5,923.3,1142.0,2022-12-02 07:30:52,07:30,2
358,37.05,43.5,923.3,1150.75,2022-12-02 07:32:07,07:32,2
359,37.07,42.25,923.3,1158.0,2022-12-02 07:33:22,07:33,2
360,37.075,40.0,923.3,1156.0,2022-12-02 07:34:38,07:34,2
361,37.09,43.5,923.3,1170.75,2022-12-02 07:35:53,07:35,2
362,37.085,48.75,923.3,1180.75,2022-12-02 07:37:08,07:37,2
363,37.09,44.0,923.3,1187.0,2022-12-02 07:38:24,07:38,2
364,37.09,47.5,923.3,1203.25,2022-12-02 07:39:39,07:39,2
365,37.09,45.5,923.3,1199.25,2022-12-02 07:40:55,07:40,2
366,37.114999999999995,51.5,923.3,1213.75,2022-12-02 07:42:10,07:42,2
367,37.185,44.0,923.3,1233.0,2022-12-02 07:43:26,07:43,2
368,37.21,48.5,923.3,1270.25,2022-12-02 07:44:41,07:44,2
369,37.214999999999996,46.0,923.2750000000001,1315.75,2022-12-02 07:45:56,07:45,2
370,37.215,46.75,923.25,1339.75,2022-12-02 07:47:12,07:47,2
371,37.23,49.0,923.2749999999999,1368.25,2022-12-02 07:48:27,07:48,2
372,37.25,46.0,923.25,1378.25,2022-12-02 07:49:42,07:49,2
373,37.23,45.0,923.3,1376.5,2022-12-02 07:50:58,07:50,2
374,37.2725,41.25,923.3,1383.0,2022-12-02 07:52:13,07:52,2
375,37.287499999999994,36.0,923.3,1401.25,2022-12-02 07:53:29,07:53,2
376,37.3,42.25,923.3,1415.5,2022-12-02 07:54:44,07:54,2
377,37.305,48.5,923.3,1425.75,2022-12-02 07:56:00,07:56,2
378,37.3,36.75,923.3,1440.0,2022-12-02 07:57:15,07:57,2
379,37.305,45.25,923.3,1463.0,2022-12-02 07:58:31,07:58,2
380,37.32,52.5,923.3,1499.25,2022-12-02 07:59:46,07:59,2
381,37.3525,44.75,923.3,1493.0,2022-12-02 08:01:02,08:01,2
382,37.405,47.25,923.3,1494.25,2022-12-02 08:02:17,08:02,2
383,37.435,34.5,923.3,1515.25,2022-12-02 08:03:32,08:03,3
384,37.46,41.0,923.2750000000001,1533.5,2022-12-02 08:04:48,08:04,3
385,37.485,42.75,923.3,1533.5,2022-12-02 08:06:03,08:06,3
386,37.5,46.5,923.3,1537.25,2022-12-02 08:07:19,08:07,3
387,37.48499999999999,39.75,923.3,1537.75,2022-12-02 08:08:35,08:08,3
388,37.474999999999994,39.75,923.3,1552.5,2022-12-02 08:09:50,08:09,3
389,37.525000000000006,34.75,923.3,1565.25,2022-12-02 08:11:06,08:11,3
390,37.54,46.25,923.3,1552.0,2022-12-02 08:12:21,08:12,3
391,37.54,44.5,923.3,1559.5,2022-12-02 08:13:36,08:13,3
392,37.55,39.5,923.2750000000001,1573.0,2022-12-02 08:14:52,08:14,3
393,37.55,41.0,923.3,1585.25,2022-12-02 08:16:07,08:16,3
394,37.55,49.0,923.2750000000001,1588.5,2022-12-02 08:17:23,08:17,3
395,37.53,41.75,923.2750000000001,1591.0,2022-12-02 08:18:38,08:18,3
396,37.5625,55.75,923.25,1592.5,2022-12-02 08:19:53,08:19,3
397,37.57,39.0,923.2249999999999,1593.25,2022-12-02 08:21:09,08:21,3
398,37.57,46.25,923.2249999999999,1586.75,2022-12-02 08:22:24,08:22,3
399,37.58,44.5,923.2,1595.5,2022-12-02 08:23:40,08:23,3
400,37.59,46.5,923.3,1601.25,2022-12-02 08:24:55,08:24,3
401,37.57,47.75,923.3,1591.75,2022-12-02 08:26:11,08:26,3
402,37.5525,49.0,923.3,1601.5,2022-12-02 08:27:26,08:27,3
403,37.55,41.25,923.3,1589.0,2022-12-02 08:28:42,08:28,3
404,37.59,55.75,923.3,1549.25,2022-12-02 08:29:57,08:29,3
405,37.6125,45.0,923.3,1522.5,2022-12-02 08:31:13,08:31,3
406,37.62,50.0,923.3,1493.75,2022-12-02 08:32:28,08:32,2
407,37.64,43.75,923.3,1445.25,2022-12-02 08:33:43,08:33,2
408,37.655,51.25,923.325,1410.5,2022-12-02 08:34:59,08:34,2
409,37.64,41.75,923.3,1372.25,2022-12-02 08:36:14,08:36,2
410,37.6225,44.5,923.3249999999999,1339.75,2022-12-02 08:37:30,08:37,2
411,37.64,53.25,923.325,1294.5,2022-12-02 08:38:45,08:38,2
412,37.65,54.0,923.325,1275.75,2022-12-02 08:40:01,08:40,2
413,37.66,42.0,923.3,1258.75,2022-12-02 08:41:16,08:41,2
414,37.665,46.75,923.3,1227.75,2022-12-02 08:42:32,08:42,2
415,37.675000000000004,37.75,923.3,1216.75,2022-12-02 08:43:47,08:43,2
416,37.68,43.75,923.3,1192.25,2022-12-02 08:45:03,08:45,2
417,37.675000000000004,48.5,923.3,1161.75,2022-12-02 08:46:18,08:46,2
418,37.71,46.25,923.3,1157.0,2022-12-02 08:47:34,08:47,2
419,37.73,53.25,923.3,1156.5,2022-12-02 08:48:49,08:48,2
420,37.73,53.5,923.3,1154.0,2022-12-02 08:50:04,08:50,2
421,37.73,39.75,923.3,1158.25,2022-12-02 08:51:20,08:51,2
422,37.745,41.0,923.3,1148.75,2022-12-02 08:52:35,08:52,2
423,37.75,45.0,923.3,1157.25,2022-12-02 08:53:51,08:53,2
424,37.75,46.0,923.3,1159.25,2022-12-02 08:55:06,08:55,2
425,37.7825,46.25,923.3,1178.25,2022-12-02 08:56:22,08:56,2
426,37.815,47.0,923.3,1204.5,2022-12-02 08:57:37,08:57,2
427,37.82,48.0,923.3,1204.5,2022-12-02 08:58:52,08:58,2
428,37.82,43.0,923.3,1208.0,2022-12-02 09:00:08,09:00,2
429,37.815,46.0,923.3,1195.25,2022-12-02 09:01:23,09:01,2
430,37.794999999999995,42.5,923.3,1195.75,2022-12-02 09:02:39,09:02,2
431,37.79,42.0,923.3,1205.5,2022-12-02 09:03:54,09:03,2
432,37.76500000000001,49.25,923.3,1209.75,2022-12-02 09:05:09,09:05,2
433,37.8,46.75,923.3,1210.0,2022-12-02 09:06:25,09:06,2
434,37.8,47.5,923.3,1237.75,2022-12-02 09:07:40,09:07,2
435,37.8,44.5,923.3,1239.75,2022-12-02 09:08:56,09:08,2
436,37.825,38.75,923.3,1246.0,2022-12-02 09:10:11,09:10,2
437,37.845,48.25,923.2750000000001,1259.25,2022-12-02 09:11:26,09:11,2
438,37.8625,49.0,923.2749999999999,1270.0,2022-12-02 09:12:42,09:12,2
439,37.8625,41.25,923.3,1286.0,2022-12-02 09:13:57,09:13,2
440,37.879999999999995,46.5,923.3,1289.5,2022-12-02 09:15:13,09:15,2
441,37.894999999999996,40.5,923.2,1288.0,2022-12-02 09:16:28,09:16,2
442,37.91,53.0,923.2249999999999,1294.25,2022-12-02 09:17:44,09:17,2
443,37.91,49.25,923.25,1304.0,2022-12-02 09:18:59,09:18,2
444,37.91,41.5,923.25,1312.75,2022-12-02 09:20:15,09:20,2
445,37.91,55.25,923.2249999999999,1314.0,2022-12-02 09:21:30,09:21,2
446,37.8725,42.25,923.2,1320.25,2022-12-02 09:22:45,09:22,2
447,37.879999999999995,37.0,923.2,1305.75,2022-12-02 09:24:01,09:24,2
448,37.9,38.75,923.2249999999999,1308.0,2022-12-02 09:25:16,09:25,2
449,37.91,50.5,923.3,1316.5,2022-12-02 09:26:32,09:26,2
450,37.92,48.75,923.3,1342.0,2022-12-02 09:27:47,09:27,2
451,37.91,40.75,923.3,1328.25,2022-12-02 09:29:03,09:29,2
452,37.905,36.5,923.2249999999999,1304.75,2022-12-02 09:30:18,09:30,2
453,37.885,43.75,923.2749999999999,1278.25,2022-12-02 09:31:34,09:31,2
454,37.875,51.0,923.2249999999999,1276.75,2022-12-02 09:32:49,09:32,2
455,37.905,45.75,923.2,1301.0,2022-12-02 09:34:04,09:34,2
456,37.894999999999996,42.25,923.2,1311.75,2022-12-02 09:35:20,09:35,2
457,37.91,41.25,923.2,1308.25,2022-12-02 09:36:35,09:36,2
458,37.9,41.25,923.2,1315.25,2022-12-02 09:37:51,09:37,2
459,37.91,47.0,923.2,1319.75,2022-12-02 09:39:06,09:39,2
460,37.91,53.25,923.2,1331.25,2022-12-02 09:40:22,09:40,2
461,37.885,52.5,923.1750000000001,1330.25,2022-12-02 09:41:37,09:41,2
462,37.91,43.0,923.2,1333.0,2022-12-02 09:42:53,09:42,2
463,37.91,45.5,923.175,1340.5,2022-12-02 09:44:08,09:44,2
464,37.925,47.5,923.1,1344.25,2022-12-02 09:45:24,09:45,2
465,37.915,50.25,923.125,1336.25,2022-12-02 09:46:39,09:46,2
466,37.894999999999996,45.75,923.1,1323.0,2022-12-02 09:47:55,09:47,2
467,37.86749999999999,46.25,923.1,1332.5,2022-12-02 09:49:10,09:49,2
468,37.835,38.25,923.1,1334.5,2022-12-02 09:50:26,09:50,2
469,37.86,51.5,923.05,1334.75,2022-12-02 09:51:41,09:51,2
470,37.87,49.5,923.0,1325.25,2022-12-02 09:52:56,09:52,2
471,37.8625,50.75,923.0,1340.25,2022-12-02 09:54:12,09:54,2
472,37.87,47.5,923.0,1359.25,2022-12-02 09:55:27,09:55,2
473,37.885,44.75,923.0,1394.0,2022-12-02 09:56:43,09:56,2
474,37.905,44.0,923.0,1419.75,2022-12-02 09:57:58,09:57,2
475,37.89,41.75,923.0,1441.25,2022-12-02 09:59:14,09:59,2
476,37.925,40.0,922.95,1461.0,2022-12-02 10:00:29,10:00,2
477,37.96,44.0,922.9,1468.75,2022-12-02 10:01:45,10:01,2
478,37.955,49.75,922.9,1486.5,2022-12-02 10:03:00,10:03,2
479,37.9575,43.25,922.9,1522.25,2022-12-02 10:04:16,10:04,3
480,37.96,54.75,922.9,1536.25,2022-12-02 10:05:31,10:05,3
481,37.985,45.5,922.9,1532.25,2022-12-02 10:06:47,10:06,3
482,38.0,41.25,922.9,1545.75,2022-12-02 10:08:02,10:08,3
483,38.0375,42.75,922.9,1564.5,2022-12-02 10:09:18,10:09,3
484,38.09,39.5,922.9250000000001,1582.5,2022-12-02 10:10:33,10:10,3
485,38.1175,46.75,922.9250000000001,1578.5,2022-12-02 10:11:49,10:11,3
486,38.135,42.5,922.9,1586.25,2022-12-02 10:13:04,10:13,3
487,38.15,42.5,922.9,1608.25,2022-12-02 10:14:20,10:14,3
488,38.17,48.5,922.9,1619.25,2022-12-02 10:15:35,10:15,3
489,38.18,44.5,922.875,1623.5,2022-12-02 10:16:51,10:16,3
490,38.1925,41.5,922.8,1619.25,2022-12-02 10:18:06,10:18,3
491,38.225,43.75,922.8,1601.75,2022-12-02 10:19:22,10:19,3
492,38.21,48.0,922.8,1607.0,2022-12-02 10:20:37,10:20,3
493,38.224999999999994,52.75,922.8249999999999,1617.5,2022-12-02 10:21:52,10:21,3
494,38.23,38.5,922.8,1611.5,2022-12-02 10:23:08,10:23,3
495,38.235,53.25,922.8,1608.25,2022-12-02 10:24:23,10:24,3
496,38.25,46.0,922.8,1610.25,2022-12-02 10:25:39,10:25,3
497,38.2575,42.25,922.8,1615.75,2022-12-02 10:26:54,10:26,3
498,38.325,48.0,922.75,1609.25,2022-12-02 10:28:10,10:28,3
499,38.335,42.5,922.7749999999999,1582.75,2022-12-02 10:29:25,10:29,3
500,38.335,45.75,922.7750000000001,1552.75,2022-12-02 10:30:41,10:30,3
501,38.335,46.25,922.7,1519.75,2022-12-02 10:31:56,10:31,3
502,38.36,46.5,922.7,1499.5,2022-12-02 10:33:11,10:33,2
503,38.34,44.0,922.7,1504.25,2022-12-02 10:34:27,10:34,3
504,38.325,47.75,922.7,1496.75,2022-12-02 10:35:42,10:35,2
505,38.379999999999995,46.25,922.7,1503.75,2022-12-02 10:36:58,10:36,3
506,38.385,41.75,922.7,1510.0,2022-12-02 10:38:13,10:38,3
507,38.4,49.0,922.7,1523.25,2022-12-02 10:39:29,10:39,3
508,38.42,52.25,922.7,1529.75,2022-12-02 10:40:44,10:40,3
509,38.43,46.0,922.7,1516.0,2022-12-02 10:42:00,10:42,3
510,38.435,35.75,922.7,1516.25,2022-12-02 10:43:15,10:43,3
511,38.415,42.75,922.625,1493.75,2022-12-02 10:44:31,10:44,2
512,38.457499999999996,50.75,922.6,1486.5,2022-12-02 10:45:46,10:45,2
513,38.48,46.5,922.6,1494.75,2022-12-02 10:47:02,10:47,2
514,38.5,44.0,922.6,1503.5,2022-12-02 10:48:17,10:48,3
515,38.52,50.25,922.625,1515.25,2022-12-02 10:49:33,10:49,3
516,38.5325,43.75,922.6,1510.25,2022-12-02 10:50:48,10:50,3
517,38.52250000000001,44.75,922.6,1516.0,2022-12-02 10:52:04,10:52,3
518,38.5,44.75,922.6,1517.0,2022-12-02 10:53:19,10:53,3
519,38.5575,49.0,922.625,1543.5,2022-12-02 10:54:35,10:54,3
520,38.57,42.25,922.6,1549.25,2022-12-02 10:55:50,10:55,3
521,38.58,55.25,922.625,1561.5,2022-12-02 10:57:05,10:57,3
522,38.59,52.25,922.6,1571.0,2022-12-02 10:58:21,10:58,3
523,38.615,40.5,922.6,1562.5,2022-12-02 10:59:36,10:59,3
524,38.64,48.0,922.6,1574.25,2022-12-02 11:00:52,11:00,3
525,38.64,50.0,922.5749999999999,1584.25,2022-12-02 11:02:07,11:02,3
526,38.665,44.25,922.525,1586.5,2022-12-02 11:03:23,11:03,3
527,38.685,40.25,922.5,1614.75,2022-12-02 11:04:38,11:04,3
528,38.7,43.0,922.5,1621.25,2022-12-02 11:05:54,11:05,3
529,38.7075,44.75,922.5,1630.5,2022-12-02 11:07:09,11:07,3
530,38.73,41.75,922.475,1636.5,2022-12-02 11:08:24,11:08,3
531,38.73,46.75,922.5,1617.5,2022-12-02 11:09:40,11:09,3
532,38.73,39.75,922.4,1603.5,2022-12-02 11:10:56,11:10,3
533,38.76,50.5,922.4,1619.0,2022-12-02 11:12:11,11:12,3
534,38.79,45.5,922.4,1628.75,2022-12-02 11:13:26,11:13,3
535,38.809999999999995,49.0,922.4,1632.5,2022-12-02 11:14:42,11:14,3
536,38.825,50.75,922.4,1645.25,2022-12-02 11:15:57,11:15,3
537,38.84,46.25,922.4,1637.5,2022-12-02 11:17:13,11:17,3
538,38.864999999999995,43.0,922.4,1627.5,2022-12-02 11:18:28,11:18,3
539,38.85,48.25,922.4,1628.25,2022-12-02 11:19:43,11:19,3
540,38.8525,46.0,922.4,1617.75,2022-12-02 11:20:59,11:20,3
541,38.89,49.25,922.4,1619.25,2022-12-02 11:22:14,11:22,3
542,38.894999999999996,46.0,922.4,1635.75,2022-12-02 11:23:30,11:23,3
543,38.91,41.25,922.4,1636.25,2022-12-02 11:24:45,11:24,3
544,38.93,37.5,922.4,1627.75,2022-12-02 11:26:01,11:26,3
545,38.93,41.5,922.4,1608.0,2022-12-02 11:27:16,11:27,3
546,38.915,46.0,922.4,1590.5,2022-12-02 11:28:32,11:28,3
547,38.905,45.0,922.4,1583.5,2022-12-02 11:29:47,11:29,3
548,38.925,52.5,922.4,1519.75,2022-12-02 11:31:03,11:31,3
549,38.91,41.5,922.375,1349.5,2022-12-02 11:32:18,11:32,2
550,38.89,38.0,922.35,1177.25,2022-12-02 11:33:34,11:33,2
551,38.845,43.25,922.325,1001.5,2022-12-02 11:34:49,11:34,1
552,38.795,46.5,922.325,880.0,2022-12-02 11:36:04,11:36,1
553,38.7175,39.5,922.3,786.25,2022-12-02 11:37:20,11:37,0
554,38.63,44.5,922.325,737.0,2022-12-02 11:38:35,11:38,0
555,38.565,39.25,922.3,683.75,2022-12-02 11:39:51,11:39,0
556,38.5,48.25,922.3,652.25,2022-12-02 11:41:06,11:41,0
557,38.427499999999995,47.25,922.3,624.5,2022-12-02 11:42:21,11:42,0
558,38.3525,48.25,922.3,603.0,2022-12-02 11:43:37,11:43,0
559,38.2875,49.75,922.3,602.0,2022-12-02 11:44:52,11:44,0
560,38.205,44.5,922.3,584.75,2022-12-02 11:46:08,11:46,0
561,38.0975,43.75,922.3,566.25,2022-12-02 11:47:23,11:47,0
562,38.0525,47.5,922.25,543.0,2022-12-02 11:48:39,11:48,0
563,37.98,46.5,922.2,543.25,2022-12-02 11:49:54,11:49,0
564,37.92,45.75,922.2,558.5,2022-12-02 11:51:10,11:51,0
565,37.88,49.5,922.2,553.25,2022-12-02 11:52:25,11:52,0
566,37.825,46.75,922.15,559.75,2022-12-02 11:53:40,11:53,0
567,37.7625,40.25,922.125,568.0,2022-12-02 11:54:56,11:54,0
568,37.7,39.75,922.15,577.0,2022-12-02 11:56:11,11:56,0
569,37.7025,44.5,922.1,586.25,2022-12-02 11:57:27,11:57,0
570,37.7075,38.5,922.1,613.75,2022-12-02 11:58:42,11:58,0
571,37.707499999999996,43.75,922.0749999999999,619.5,2022-12-02 11:59:58,11:59,0
572,37.7,41.75,922.1,623.0,2022-12-02 12:01:13,12:01,0
573,37.7025,43.25,922.1,649.5,2022-12-02 12:02:29,12:02,0
574,37.705,52.25,922.0,644.5,2022-12-02 12:03:44,12:03,0
575,37.685,51.75,922.05,644.75,2022-12-02 12:05:00,12:05,0
576,37.6925,46.0,922.025,637.25,2022-12-02 12:06:15,12:06,0
577,37.73,44.25,922.05,632.25,2022-12-02 12:07:30,12:07,0
578,37.745,44.75,922.0749999999999,628.5,2022-12-02 12:08:46,12:08,0
579,37.775000000000006,36.0,922.0,617.25,2022-12-02 12:10:01,12:10,0
580,37.78999999999999,41.75,922.0,631.75,2022-12-02 12:11:17,12:11,0
581,37.8,43.25,922.0,643.5,2022-12-02 12:12:32,12:12,0
582,37.7925,41.5,922.0,642.5,2022-12-02 12:13:48,12:13,0
583,37.7925,43.75,922.0,643.0,2022-12-02 12:15:03,12:15,0
584,37.85,45.25,921.975,649.25,2022-12-02 12:16:19,12:16,0
585,37.879999999999995,48.5,921.975,650.0,2022-12-02 12:17:34,12:17,0
586,37.91,42.5,921.975,654.75,2022-12-02 12:18:50,12:18,0
587,37.92,41.5,922.0,664.75,2022-12-02 12:20:05,12:20,0
588,37.955000000000005,43.0,922.0,662.75,2022-12-02 12:21:21,12:21,0
589,37.974999999999994,45.5,922.0,664.75,2022-12-02 12:22:36,12:22,0
590,37.98,47.0,921.975,668.75,2022-12-02 12:23:52,12:23,0
591,38.045,47.75,921.975,683.25,2022-12-02 12:25:07,12:25,0
592,38.075,42.25,921.975,683.25,2022-12-02 12:26:22,12:26,0
593,38.09,47.25,921.95,692.75,2022-12-02 12:27:38,12:27,0
594,38.125,47.0,921.9,708.25,2022-12-02 12:28:53,12:28,0
595,38.155,38.75,921.9,711.5,2022-12-02 12:30:09,12:30,0
596,38.18,45.5,921.9,722.75,2022-12-02 12:31:24,12:31,0
597,38.195,48.75,921.9,748.25,2022-12-02 12:32:40,12:32,0
598,38.262499999999996,51.5,921.875,760.0,2022-12-02 12:33:55,12:33,0
599,38.309999999999995,45.0,921.9,756.5,2022-12-02 12:35:11,12:35,0
600,38.324999999999996,47.0,921.825,772.0,2022-12-02 12:36:26,12:36,0
601,38.32,45.0,921.8,783.25,2022-12-02 12:37:42,12:37,0
602,38.335,47.25,921.85,793.5,2022-12-02 12:38:57,12:38,0
603,38.34,46.0,921.8,824.75,2022-12-02 12:40:12,12:40,1
604,38.34,42.75,921.8,886.5,2022-12-02 12:41:28,12:41,1
605,38.37,41.25,921.8,953.5,2022-12-02 12:42:43,12:42,1
606,38.43,47.25,921.825,1014.75,2022-12-02 12:43:59,12:43,1
607,38.464999999999996,43.5,921.8,1044.75,2022-12-02 12:45:14,12:45,1
608,38.489999999999995,40.0,921.8,1066.0,2022-12-02 12:46:29,12:46,1
609,38.5,47.25,921.75,1104.0,2022-12-02 12:47:45,12:47,2
610,38.505,39.0,921.7,1128.5,2022-12-02 12:49:00,12:49,2
611,38.5,44.75,921.7,1150.0,2022-12-02 12:50:16,12:50,2
612,38.515,49.5,921.7,1190.75,2022-12-02 12:51:31,12:51,2
613,38.59,48.5,921.7,1222.25,2022-12-02 12:52:47,12:52,2
614,38.635,54.75,921.7,1241.5,2022-12-02 12:54:02,12:54,2
615,38.67,46.0,921.675,1267.25,2022-12-02 12:55:18,12:55,2
616,38.695,46.25,921.65,1269.5,2022-12-02 12:56:33,12:56,2
617,38.705000000000005,45.0,921.6,1277.0,2022-12-02 12:57:48,12:57,2
618,38.71,43.5,921.6,1307.0,2022-12-02 12:59:04,12:59,2
619,38.714999999999996,50.0,921.625,1341.75,2022-12-02 13:00:19,13:00,2
620,38.77,39.75,921.65,1353.75,2022-12-02 13:01:35,13:01,2
621,38.7825,37.25,921.675,1337.25,2022-12-02 13:02:50,13:02,2
622,38.7975,52.75,921.6,1354.25,2022-12-02 13:04:06,13:04,2
623,38.8,43.75,921.6,1357.75,2022-12-02 13:05:21,13:05,2
624,38.809999999999995,39.25,921.625,1355.25,2022-12-02 13:06:37,13:06,2
625,38.8,50.75,921.675,1342.5,2022-12-02 13:07:52,13:07,2
626,38.8,36.0,921.6750000000001,1322.5,2022-12-02 13:09:07,13:09,2
627,38.8725,43.75,921.625,1315.75,2022-12-02 13:10:23,13:10,2
628,38.905,45.0,921.625,1307.25,2022-12-02 13:11:38,13:11,2
629,38.91,52.25,921.625,1300.5,2022-12-02 13:12:54,13:12,2
630,38.92,40.75,921.6,1338.0,2022-12-02 13:14:09,13:14,2
631,38.92,48.5,921.625,1355.75,2022-12-02 13:15:25,13:15,2
632,38.91,34.75,921.6,1351.75,2022-12-02 13:16:40,13:16,2
633,38.89,37.75,921.6500000000001,1357.5,2022-12-02 13:17:56,13:17,2
634,38.92,48.0,921.65,1331.75,2022-12-02 13:19:11,13:19,2
635,38.9525,42.75,921.625,1339.5,2022-12-02 13:20:26,13:20,2
636,38.96,48.75,921.625,1338.75,2022-12-02 13:21:42,13:21,2
637,38.96,47.75,921.65,1307.25,2022-12-02 13:22:57,13:22,2
638,38.96,47.25,921.625,1275.75,2022-12-02 13:24:13,13:24,2
639,38.965,39.5,921.6,1229.5,2022-12-02 13:25:28,13:25,2
640,38.955,39.5,921.625,1212.25,2022-12-02 13:26:43,13:26,2
641,38.97,48.75,921.6,1199.5,2022-12-02 13:27:59,13:27,2
642,38.98,41.0,921.6,1187.75,2022-12-02 13:29:14,13:29,2
643,38.98,40.5,921.6,1153.75,2022-12-02 13:30:30,13:30,2
644,38.96,42.75,921.625,1126.5,2022-12-02 13:31:45,13:31,2
645,38.955,45.0,921.6,1117.75,2022-12-02 13:33:00,13:33,2
646,38.940000000000005,45.75,921.6,1108.0,2022-12-02 13:34:16,13:34,2
647,38.905,38.0,921.6,1108.75,2022-12-02 13:35:31,13:35,2
648,38.905,41.5,921.6,1110.5,2022-12-02 13:36:47,13:36,2
649,38.92,50.0,921.6,1107.75,2022-12-02 13:38:02,13:38,2
650,38.93,39.5,921.6,1087.0,2022-12-02 13:39:18,13:39,1
651,38.915,41.0,921.625,1058.25,2022-12-02 13:40:33,13:40,1
652,38.91,50.25,921.625,1029.0,2022-12-02 13:41:49,13:41,1
653,38.91,43.75,921.6,1018.0,2022-12-02 13:43:04,13:43,1
654,38.88,50.5,921.6,1012.0,2022-12-02 13:44:20,13:44,1
655,38.847500000000004,43.25,921.6,1014.5,2022-12-02 13:45:35,13:45,1
656,38.8675,39.0,921.6,991.25,2022-12-02 13:46:51,13:46,1
657,38.8625,46.75,921.625,996.75,2022-12-02 13:48:06,13:48,1
658,38.855000000000004,37.25,921.6,1012.0,2022-12-02 13:49:22,13:49,1
659,38.84,48.5,921.6,988.75,2022-12-02 13:50:37,13:50,1
660,38.82,41.5,921.6,977.5,2022-12-02 13:51:52,13:51,1
661,38.81,41.5,921.6,979.0,2022-12-02 13:53:08,13:53,1
662,38.795,41.5,921.6,973.0,2022-12-02 13:54:23,13:54,1
663,38.81,35.25,921.6,965.5,2022-12-02 13:55:39,13:55,1
664,38.82,42.75,921.6,966.25,2022-12-02 13:56:54,13:56,1
665,38.8,37.75,921.6,960.75,2022-12-02 13:58:09,13:58,1
666,38.8,36.75,921.6,964.25,2022-12-02 13:59:25,13:59,1
667,38.8,48.0,921.6,946.25,2022-12-02 14:00:40,14:00,1
668,38.7925,43.75,921.6,948.0,2022-12-02 14:01:56,14:01,1
669,38.755,43.0,921.6,938.5,2022-12-02 14:03:11,14:03,1
670,38.77,51.0,921.6,935.0,2022-12-02 14:04:26,14:04,1
671,38.78,48.5,921.65,941.5,2022-12-02 14:05:42,14:05,1
672,38.77,41.25,921.625,949.75,2022-12-02 14:06:57,14:06,1
673,38.765,47.75,921.6500000000001,960.5,2022-12-02 14:08:13,14:08,1
674,38.75,48.0,921.625,980.75,2022-12-02 14:09:28,14:09,1
675,38.745,46.25,921.65,967.0,2022-12-02 14:10:43,14:10,1
676,38.72,54.5,921.7,960.25,2022-12-02 14:11:59,14:11,1
677,38.735,41.0,921.675,972.0,2022-12-02 14:13:14,14:13,1
678,38.75,43.75,921.7,996.5,2022-12-02 14:14:30,14:14,1
679,38.77,42.75,921.7,1008.75,2022-12-02 14:15:45,14:15,1
680,38.765,43.0,921.7,1022.75,2022-12-02 14:17:01,14:17,1
681,38.75,38.0,921.7,1025.75,2022-12-02 14:18:16,14:18,1
682,38.73,44.75,921.625,1072.5,2022-12-02 14:19:31,14:19,1
683,38.71,41.5,921.6,1092.75,2022-12-02 14:20:47,14:20,1
684,38.7125,40.75,921.65,1107.0,2022-12-02 14:22:02,14:22,2
685,38.7625,40.0,921.625,1062.75,2022-12-02 14:23:18,14:23,1
686,38.795,50.5,921.6,1068.0,2022-12-02 14:24:33,14:24,1
687,38.7975,44.0,921.6,1053.75,2022-12-02 14:25:49,14:25,1
688,38.8,44.0,921.6,1041.5,2022-12-02 14:27:04,14:27,1
689,38.794999999999995,45.75,921.6,1043.25,2022-12-02 14:28:19,14:28,1
690,38.78,52.25,921.6,1068.25,2022-12-02 14:29:35,14:29,1
691,38.78999999999999,38.75,921.6,1086.0,2022-12-02 14:30:50,14:30,1
692,38.84,42.5,921.6,1080.25,2022-12-02 14:32:06,14:32,1
693,38.83,44.0,921.6,1064.25,2022-12-02 14:33:21,14:33,1
694,38.82,45.75,921.6,1067.0,2022-12-02 14:34:36,14:34,1
695,38.82,45.25,921.6,1058.5,2022-12-02 14:35:52,14:35,1
696,38.82,43.75,921.6,1050.75,2022-12-02 14:37:07,14:37,1
697,38.81,34.25,921.6,1055.25,2022-12-02 14:38:23,14:38,1
698,38.795,47.75,921.575,1079.0,2022-12-02 14:39:38,14:39,1
699,38.83,50.25,921.5,1111.0,2022-12-02 14:40:54,14:40,2
700,38.862500000000004,38.0,921.5,1135.5,2022-12-02 14:42:09,14:42,2
701,38.8725,39.0,921.45,1139.75,2022-12-02 14:43:25,14:43,2
702,38.92,44.75,921.5,1153.0,2022-12-02 14:44:40,14:44,2
703,38.9575,45.25,921.5,1169.0,2022-12-02 14:45:55,14:45,2
704,38.98,37.5,921.5,1210.5,2022-12-02 14:47:11,14:47,2
705,38.9525,41.5,921.5,1244.75,2022-12-02 14:48:26,14:48,2
706,38.995,46.25,921.5,1237.25,2022-12-02 14:49:42,14:49,2
707,39.0,49.25,921.5,1239.0,2022-12-02 14:50:57,14:50,2
708,39.010000000000005,48.25,921.5,1250.25,2022-12-02 14:52:13,14:52,2
709,39.025,48.0,921.475,1286.0,2022-12-02 14:53:28,14:53,2
710,39.05,42.5,921.5,1310.75,2022-12-02 14:54:43,14:54,2
711,39.059999999999995,38.75,921.525,1337.0,2022-12-02 14:55:59,14:55,2
712,39.044999999999995,39.25,921.55,1378.5,2022-12-02 14:57:14,14:57,2
713,39.052499999999995,44.75,921.5749999999999,1402.0,2022-12-02 14:58:30,14:58,2
714,39.05,39.25,921.5,1383.25,2022-12-02 14:59:45,14:59,2
715,39.0125,51.25,921.525,1260.75,2022-12-02 15:02:35,15:02,2
716,39.025000000000006,40.0,921.525,1213.75,2022-12-02 15:03:51,15:03,2
717,39.035,33.75,921.525,1202.25,2022-12-02 15:05:06,15:05,2
718,39.0475,46.0,921.5,1230.0,2022-12-02 15:06:22,15:06,2
719,39.04,49.25,921.5,1209.75,2022-12-02 15:07:37,15:07,2
720,39.035,49.25,921.5,1205.75,2022-12-02 15:08:53,15:08,2
721,39.0325,33.75,921.525,1210.5,2022-12-02 15:10:08,15:10,2
722,39.0275,40.75,921.5,1222.75,2022-12-02 15:11:23,15:11,2
723,38.989999999999995,49.25,921.5,1238.25,2022-12-02 15:12:39,15:12,2
724,39.01,38.25,921.5,1248.75,2022-12-02 15:13:54,15:13,2
725,39.03,40.5,921.5,1263.0,2022-12-02 15:15:10,15:15,2
726,39.04,45.0,921.5,1247.25,2022-12-02 15:16:25,15:16,2
727,39.0475,44.75,921.525,1257.0,2022-12-02 15:17:40,15:17,2
728,39.044999999999995,46.0,921.5,1261.25,2022-12-02 15:18:56,15:18,2
729,39.05,44.5,921.475,1264.25,2022-12-02 15:20:11,15:20,2
730,39.0425,49.5,921.475,1275.0,2022-12-02 15:21:27,15:21,2
731,39.03,46.0,921.5,1278.0,2022-12-02 15:22:42,15:22,2
732,39.05,44.75,921.4250000000001,1307.5,2022-12-02 15:23:58,15:23,2
733,39.05,47.75,921.475,1301.25,2022-12-02 15:25:13,15:25,2
734,39.05,47.5,921.5,1316.25,2022-12-02 15:26:28,15:26,2
735,39.0425,51.75,921.5,1329.0,2022-12-02 15:27:44,15:27,2
736,39.015,42.25,921.5,1332.0,2022-12-02 15:28:59,15:28,2
737,38.995,33.25,921.5,1362.0,2022-12-02 15:30:15,15:30,2
738,38.985,38.75,921.5,1362.25,2022-12-02 15:31:30,15:31,2
739,39.03,51.5,921.5,1349.25,2022-12-02 15:32:45,15:32,2
740,39.010000000000005,40.0,921.5,1341.5,2022-12-02 15:34:01,15:34,2
741,38.995,43.25,921.5,1337.25,2022-12-02 15:35:16,15:35,2
742,38.989999999999995,44.0,921.5,1338.25,2022-12-02 15:36:32,15:36,2
743,38.98,45.5,921.5,1325.75,2022-12-02 15:37:47,15:37,2
744,38.975,40.25,921.525,1334.0,2022-12-02 15:39:03,15:39,2
745,38.964999999999996,49.75,921.5,1324.0,2022-12-02 15:40:18,15:40,2
746,39.035,41.25,921.5,1318.0,2022-12-02 15:41:34,15:41,2
747,39.045,43.0,921.525,1311.75,2022-12-02 15:42:49,15:42,2
748,39.042500000000004,41.0,921.5749999999999,1293.25,2022-12-02 15:44:05,15:44,2
749,39.05,44.75,921.525,1299.25,2022-12-02 15:45:20,15:45,2
750,39.07,44.25,921.6,1301.0,2022-12-02 15:46:35,15:46,2
751,39.055,45.25,921.55,1301.5,2022-12-02 15:47:51,15:47,2
752,39.037499999999994,42.0,921.525,1308.25,2022-12-02 15:49:06,15:49,2
753,39.085,39.25,921.6,1291.5,2022-12-02 15:50:22,15:50,2
754,39.09,40.5,921.6,1318.0,2022-12-02 15:51:37,15:51,2
755,39.09,52.25,921.6,1340.0,2022-12-02 15:52:53,15:52,2
756,39.08,41.0,921.55,1357.75,2022-12-02 15:54:08,15:54,2
757,39.07,42.0,921.55,1351.25,2022-12-02 15:55:24,15:55,2
758,39.05,44.5,921.5,1349.25,2022-12-02 15:56:39,15:56,2
759,39.045,43.0,921.525,1347.75,2022-12-02 15:57:55,15:57,2
760,39.09,40.75,921.525,1332.25,2022-12-02 15:59:10,15:59,2
761,39.105000000000004,45.25,921.525,1318.5,2022-12-02 16:00:25,16:00,2
762,39.115,49.0,921.525,1324.75,2022-12-02 16:01:41,16:01,2
763,39.135,49.5,921.5,1365.0,2022-12-02 16:02:56,16:02,2
764,39.14,48.0,921.6,1393.25,2022-12-02 16:04:12,16:04,2
765,39.12,48.5,921.6,1403.5,2022-12-02 16:05:28,16:05,2
766,39.1225,45.75,921.6,1421.5,2022-12-02 16:06:44,16:06,2
767,39.175000000000004,46.0,921.5749999999999,1420.0,2022-12-02 16:07:59,16:07,2
768,39.2075,45.0,921.5749999999999,1396.25,2022-12-02 16:09:15,16:09,2
769,39.21,34.5,921.6,1395.5,2022-12-02 16:10:30,16:10,2
770,39.22,44.0,921.6500000000001,1393.75,2022-12-02 16:11:46,16:11,2
771,39.23,42.75,921.6,1399.75,2022-12-02 16:13:01,16:13,2
772,39.215,49.75,921.6,1394.5,2022-12-02 16:14:16,16:14,2
773,39.225,42.5,921.625,1403.75,2022-12-02 16:15:32,16:15,2
774,39.295,41.75,921.625,1413.75,2022-12-02 16:16:47,16:16,2
775,39.3,45.5,921.6750000000001,1400.0,2022-12-02 16:18:03,16:18,2
776,39.32,50.0,921.6500000000001,1398.75,2022-12-02 16:19:18,16:19,2
777,39.3,46.75,921.625,1395.25,2022-12-02 16:20:34,16:20,2
778,39.3,42.25,921.6,1403.0,2022-12-02 16:21:49,16:21,2
779,39.2725,44.25,921.6,1401.0,2022-12-02 16:23:05,16:23,2
780,39.27250000000001,35.0,921.6,1401.0,2022-12-02 16:24:20,16:24,2
781,39.33,43.5,921.6,1391.5,2022-12-02 16:25:35,16:25,2
782,39.335,49.25,921.6,1410.5,2022-12-02 16:26:51,16:26,2
783,39.34,43.5,921.625,1423.25,2022-12-02 16:28:06,16:28,2
784,39.34,49.25,921.7,1442.0,2022-12-02 16:29:22,16:29,2
785,39.335,53.75,921.675,1451.25,2022-12-02 16:30:37,16:30,2
786,39.32,43.25,921.6500000000001,1448.5,2022-12-02 16:31:53,16:31,2
787,39.32,53.5,921.65,1475.25,2022-12-02 16:33:08,16:33,2
788,39.4,44.75,921.7,1510.75,2022-12-02 16:34:23,16:34,3
789,39.405,42.0,921.6750000000001,1539.5,2022-12-02 16:35:39,16:35,3
790,39.405,53.75,921.7,1541.5,2022-12-02 16:36:54,16:36,3
791,39.41,44.75,921.7,1540.5,2022-12-02 16:38:10,16:38,3
792,39.405,49.75,921.7,1536.25,2022-12-02 16:39:25,16:39,3
793,39.385,50.5,921.675,1553.5,2022-12-02 16:40:41,16:40,3
794,39.36,43.25,921.625,1545.5,2022-12-02 16:41:56,16:41,3
795,39.37,44.25,921.625,1514.25,2022-12-02 16:43:11,16:43,3
796,39.37,42.75,921.6,1481.25,2022-12-02 16:44:27,16:44,2
797,39.37,41.5,921.6,1492.0,2022-12-02 16:45:42,16:45,2
798,39.37,43.0,921.6,1474.25,2022-12-02 16:46:58,16:46,2
799,39.39,44.75,921.6,1465.0,2022-12-02 16:48:13,16:48,2
800,39.38,40.75,921.6,1461.0,2022-12-02 16:49:29,16:49,2
801,39.364999999999995,37.25,921.6,1461.75,2022-12-02 16:50:44,16:50,2
802,39.39,47.5,921.6,1462.5,2022-12-02 16:52:00,16:52,2
803,39.39,51.75,921.6,1446.75,2022-12-02 16:53:15,16:53,2
804,39.375,52.25,921.6,1423.75,2022-12-02 16:54:31,16:54,2
805,39.37,44.5,921.6,1410.0,2022-12-02 16:55:46,16:55,2
806,39.385,50.0,921.6,1428.75,2022-12-02 16:57:01,16:57,2
807,39.385,38.0,921.5749999999999,1465.5,2022-12-02 16:58:17,16:58,2
808,39.385,43.0,921.6,1504.5,2022-12-02 16:59:32,16:59,3
809,39.43,46.25,921.6,1514.25,2022-12-02 17:00:48,17:00,3
810,39.42,33.75,921.6,1521.25,2022-12-02 17:02:03,17:02,3
811,39.42,49.25,921.6,1538.75,2022-12-02 17:03:19,17:03,3
812,39.425000000000004,46.75,921.6,1527.5,2022-12-02 17:04:34,17:04,3
813,39.43,46.25,921.6,1524.75,2022-12-02 17:05:50,17:05,3
814,39.41,45.25,921.6,1529.75,2022-12-02 17:07:05,17:07,3
815,39.39,49.5,921.6,1532.5,2022-12-02 17:08:20,17:08,3
816,39.41,49.25,921.6,1496.25,2022-12-02 17:09:36,17:09,2
817,39.41,45.5,921.6,1478.5,2022-12-02 17:10:51,17:10,2
818,39.415,44.25,921.6,1374.0,2022-12-02 17:12:07,17:12,2
819,39.41,43.25,921.6,1211.0,2022-12-02 17:13:22,17:13,2
820,39.394999999999996,43.5,921.6,1076.25,2022-12-02 17:14:37,17:14,1
821,39.3525,37.5,921.6,966.0,2022-12-02 17:15:53,17:15,1
822,39.305,56.25,921.6,923.75,2022-12-02 17:17:08,17:17,1
823,39.2975,47.5,921.6,907.25,2022-12-02 17:18:24,17:18,1
824,39.2625,36.5,921.6,871.75,2022-12-02 17:19:39,17:19,1
825,39.212500000000006,52.75,921.575,813.5,2022-12-02 17:20:55,17:20,1
826,39.165,41.75,921.6,794.0,2022-12-02 17:22:10,17:22,0
827,39.11749999999999,49.0,921.6,798.0,2022-12-02 17:23:26,17:23,0
828,39.0625,47.5,921.5749999999999,843.5,2022-12-02 17:24:41,17:24,1
829,39.010000000000005,43.75,921.55,889.75,2022-12-02 17:25:56,17:25,1
830,39.0275,50.0,921.6,913.75,2022-12-02 17:27:12,17:27,1
831,39.02250000000001,48.25,921.6,915.5,2022-12-02 17:28:27,17:28,1
832,39.010000000000005,48.75,921.6,931.0,2022-12-02 17:29:43,17:29,1
833,38.98499999999999,45.0,921.6,932.0,2022-12-02 17:30:58,17:30,1
834,38.97,40.0,921.6,935.25,2022-12-02 17:32:13,17:32,1
835,38.957499999999996,44.0,921.6,947.25,2022-12-02 17:33:29,17:33,1
836,38.93,44.25,921.6,958.25,2022-12-02 17:34:44,17:34,1
837,38.947500000000005,46.25,921.6,956.75,2022-12-02 17:36:00,17:36,1
838,38.93,37.5,921.6,949.25,2022-12-02 17:37:15,17:37,1
839,38.93,46.0,921.6,943.75,2022-12-02 17:38:31,17:38,1
840,38.93,47.75,921.625,945.75,2022-12-02 17:39:46,17:39,1
841,38.915,52.0,921.6,954.75,2022-12-02 17:41:02,17:41,1
842,38.894999999999996,47.25,921.6750000000001,937.0,2022-12-02 17:42:17,17:42,1
843,38.87,39.25,921.7,943.25,2022-12-02 17:43:32,17:43,1
844,38.879999999999995,46.25,921.675,943.0,2022-12-02 17:44:48,17:44,1
845,38.89,45.0,921.7,930.0,2022-12-02 17:46:03,17:46,1
846,38.89,41.0,921.7,913.0,2022-12-02 17:47:19,17:47,1
847,38.89,44.25,921.675,945.75,2022-12-02 17:48:34,17:48,1
848,38.894999999999996,43.5,921.6750000000001,939.5,2022-12-02 17:49:50,17:49,1
849,38.88,51.0,921.6750000000001,944.5,2022-12-02 17:51:05,17:51,1
850,38.84,43.5,921.7,946.25,2022-12-02 17:52:21,17:52,1
851,38.8775,42.25,921.675,952.75,2022-12-02 17:53:36,17:53,1
852,38.89,36.75,921.625,943.5,2022-12-02 17:54:52,17:54,1
853,38.89,48.5,921.7,942.75,2022-12-02 17:56:07,17:56,1
854,38.89,42.25,921.7,965.0,2022-12-02 17:57:23,17:57,1
855,38.86749999999999,40.5,921.7,947.25,2022-12-02 17:58:38,17:58,1
856,38.845,45.75,921.7,958.25,2022-12-02 17:59:54,17:59,1
857,38.82,51.5,921.7,982.25,2022-12-02 18:01:09,18:01,1
858,38.83,39.75,921.7,989.25,2022-12-02 18:02:24,18:02,1
859,38.835,41.0,921.7,994.25,2022-12-02 18:03:40,18:03,1
860,38.82,44.25,921.7,992.75,2022-12-02 18:04:55,18:04,1
861,38.81,56.0,921.7,990.0,2022-12-02 18:06:11,18:06,1
862,38.8,49.0,921.7,984.0,2022-12-02 18:07:26,18:07,1
863,38.794999999999995,45.25,921.7,971.5,2022-12-02 18:08:42,18:08,1
864,38.755,45.5,921.7249999999999,964.0,2022-12-02 18:09:57,18:09,1
865,38.777499999999996,47.5,921.7,935.0,2022-12-02 18:11:13,18:11,1
866,38.79,48.25,921.7,926.25,2022-12-02 18:12:29,18:12,1
867,38.775000000000006,45.5,921.7,922.75,2022-12-02 18:13:44,18:13,1
868,38.739999999999995,47.25,921.7,907.0,2022-12-02 18:15:00,18:15,1
869,38.725,50.5,921.7,898.5,2022-12-02 18:16:15,18:16,1
870,38.71,42.25,921.7,896.25,2022-12-02 18:17:31,18:17,1
871,38.665,39.25,921.7,865.0,2022-12-02 18:18:46,18:18,1
872,38.685,40.25,921.7,852.75,2022-12-02 18:20:02,18:20,1
873,38.665,43.75,921.7,826.0,2022-12-02 18:21:17,18:21,1
874,38.64,47.75,921.7,811.25,2022-12-02 18:22:33,18:22,1
875,38.63,46.75,921.7,804.75,2022-12-02 18:23:48,18:23,1
876,38.614999999999995,43.0,921.7,797.25,2022-12-02 18:25:03,18:25,0
877,38.58,40.75,921.7,788.75,2022-12-02 18:26:19,18:26,0
878,38.54,48.75,921.7,782.25,2022-12-02 18:27:34,18:27,0
879,38.55,44.0,921.7,757.25,2022-12-02 18:28:50,18:28,0
880,38.55,56.25,921.7,749.5,2022-12-02 18:30:05,18:30,0
881,38.535,41.5,921.7,721.25,2022-12-02 18:31:21,18:31,0
882,38.515,39.5,921.7,706.75,2022-12-02 18:32:36,18:32,0
883,38.48,52.5,921.7,714.75,2022-12-02 18:33:52,18:33,0
884,38.45,44.25,921.7,736.75,2022-12-02 18:35:07,18:35,0
885,38.415,38.75,921.7,741.75,2022-12-02 18:36:23,18:36,0
886,38.41,49.25,921.675,726.5,2022-12-02 18:37:38,18:37,0
887,38.415,41.0,921.7,712.5,2022-12-02 18:38:54,18:38,0
888,38.38,38.75,921.625,705.75,2022-12-02 18:40:09,18:40,0
889,38.34,45.75,921.65,705.0,2022-12-02 18:41:25,18:41,0
890,38.324999999999996,46.0,921.625,708.0,2022-12-02 18:42:40,18:42,0
891,38.305,43.5,921.6,711.5,2022-12-02 18:43:56,18:43,0
892,38.2575,47.0,921.625,706.5,2022-12-02 18:45:11,18:45,0
893,38.272499999999994,49.25,921.6,705.75,2022-12-02 18:46:27,18:46,0
894,38.2925,42.75,921.6,698.5,2022-12-02 18:47:42,18:47,0
895,38.2875,49.25,921.6,716.5,2022-12-02 18:48:57,18:48,0
896,38.275000000000006,36.0,921.6,735.75,2022-12-02 18:50:13,18:50,0
897,38.260000000000005,41.25,921.6,731.25,2022-12-02 18:51:28,18:51,0
898,38.215,41.5,921.6,738.75,2022-12-02 18:52:44,18:52,0
899,38.185,49.0,921.6,730.0,2022-12-02 18:53:59,18:53,0
900,38.1925,43.5,921.5749999999999,729.25,2022-12-02 18:55:15,18:55,0
901,38.21,51.0,921.5,729.25,2022-12-02 18:56:30,18:56,0
902,38.2,46.5,921.55,733.0,2022-12-02 18:57:46,18:57,0
903,38.185,41.0,921.5,718.25,2022-12-02 18:59:01,18:59,0
904,38.17,40.25,921.525,724.75,2022-12-02 19:00:17,19:00,0
905,38.125,42.5,921.5,730.0,2022-12-02 19:01:32,19:01,0
906,38.09,42.75,921.5,717.25,2022-12-02 19:02:47,19:02,0
907,38.055,45.5,921.5,717.25,2022-12-02 19:04:03,19:04,0
908,38.065,44.25,921.475,702.5,2022-12-02 19:05:18,19:05,0
909,38.0475,48.5,921.475,705.5,2022-12-02 19:06:34,19:06,0
910,38.042500000000004,41.0,921.4,701.75,2022-12-02 19:07:49,19:07,0
911,38.0325,50.25,921.45,675.0,2022-12-02 19:09:04,19:09,0
912,37.989999999999995,42.25,921.4250000000001,644.0,2022-12-02 19:10:20,19:10,0
913,37.93,45.25,921.45,601.0,2022-12-02 19:11:35,19:11,0
914,37.864999999999995,49.75,921.4250000000001,571.5,2022-12-02 19:12:51,19:12,0
915,37.824999999999996,47.0,921.4,544.0,2022-12-02 19:14:06,19:14,0
916,37.775,49.0,921.375,522.75,2022-12-02 19:15:21,19:15,0
917,37.705,47.75,921.375,520.75,2022-12-02 19:16:37,19:16,0
918,37.64,44.25,921.4,513.25,2022-12-02 19:17:52,19:17,0
919,37.56,48.0,921.4,499.5,2022-12-02 19:19:08,19:19,0
920,37.5025,43.5,921.4,485.0,2022-12-02 19:20:23,19:20,0
921,37.43,45.0,921.4,496.0,2022-12-02 19:21:39,19:21,0
922,37.39,45.0,921.4,493.25,2022-12-02 19:22:54,19:22,0
923,37.3675,51.0,921.4,491.25,2022-12-02 19:24:10,19:24,0
924,37.33,41.0,921.4,489.0,2022-12-02 19:25:25,19:25,0
925,37.3,46.5,921.4,478.75,2022-12-02 19:26:41,19:26,0
926,37.29,48.75,921.4,487.75,2022-12-02 19:27:56,19:27,0
927,37.285,49.75,921.4,490.25,2022-12-02 19:29:12,19:29,0
928,37.25,39.75,921.4,500.0,2022-12-02 19:30:27,19:30,0
929,37.23,45.25,921.375,505.0,2022-12-02 19:31:42,19:31,0
930,37.245,39.5,921.375,492.75,2022-12-02 19:32:58,19:32,0
931,37.23,45.75,921.4,494.25,2022-12-02 19:34:13,19:34,0
932,37.23,42.5,921.4,492.5,2022-12-02 19:35:29,19:35,0
933,37.21,46.5,921.4,484.25,2022-12-02 19:36:44,19:36,0
934,37.2025,43.5,921.4,473.75,2022-12-02 19:38:00,19:38,0
935,37.17,40.5,921.4,473.75,2022-12-02 19:39:15,19:39,0
936,37.14,47.75,921.4,470.0,2022-12-02 19:40:30,19:40,0
937,37.165,41.5,921.4,476.75,2022-12-02 19:41:46,19:41,0
938,37.175,50.75,921.4,470.75,2022-12-02 19:43:01,19:43,0
939,37.155,45.25,921.4,462.25,2022-12-02 19:44:17,19:44,0
940,37.14,48.25,921.4,468.0,2022-12-02 19:45:32,19:45,0
941,37.14,48.25,921.425,471.0,2022-12-02 19:46:48,19:46,0
942,37.1375,38.0,921.45,472.25,2022-12-02 19:48:03,19:48,0
943,37.1125,48.5,921.475,481.25,2022-12-02 19:49:19,19:49,0
944,37.11,53.0,921.4250000000001,482.75,2022-12-02 19:50:34,19:50,0
945,37.14,52.25,921.4,468.75,2022-12-02 19:51:49,19:51,0
946,37.125,50.0,921.4,462.0,2022-12-02 19:53:05,19:53,0
947,37.1025,46.25,921.4,463.25,2022-12-02 19:54:20,19:54,0
948,37.08,44.25,921.4,470.5,2022-12-02 19:55:36,19:55,0
949,37.05,34.0,921.4,471.75,2022-12-02 19:56:51,19:56,0
950,37.025,40.75,921.4,465.0,2022-12-02 19:58:07,19:58,0
951,36.989999999999995,39.25,921.4,477.0,2022-12-02 19:59:22,19:59,0
952,37.0,48.25,921.4,453.0,2022-12-02 20:02:21,20:02,0
953,37.04,35.0,921.35,463.75,2022-12-02 20:03:36,20:03,0
954,37.02,50.75,921.4,461.0,2022-12-02 20:04:52,20:04,0
955,36.97,40.5,921.3499999999999,457.5,2022-12-02 20:06:07,20:06,0
956,36.92,40.25,921.325,455.25,2022-12-02 20:07:23,20:07,0
957,36.875,46.0,921.3,448.75,2022-12-02 20:08:38,20:08,0
958,36.81,48.25,921.3499999999999,453.0,2022-12-02 20:09:54,20:09,0
959,36.82,41.25,921.375,452.0,2022-12-02 20:11:09,20:11,0
960,36.82,45.0,921.325,443.0,2022-12-02 20:12:25,20:12,0
961,36.7925,46.25,921.4,448.75,2022-12-02 20:13:40,20:13,0
962,36.760000000000005,43.25,921.375,448.75,2022-12-02 20:14:56,20:14,0
963,36.745,41.5,921.35,454.75,2022-12-02 20:16:11,20:16,0
964,36.71,52.25,921.3249999999999,449.75,2022-12-02 20:17:27,20:17,0
965,36.690000000000005,42.0,921.35,451.5,2022-12-02 20:18:42,20:18,0
966,36.68,43.75,921.3,452.0,2022-12-02 20:19:58,20:19,0
967,36.675,41.75,921.3,451.25,2022-12-02 20:21:14,20:21,0
968,36.644999999999996,46.75,921.25,452.5,2022-12-02 20:22:29,20:22,0
969,36.6225,47.25,921.2750000000001,459.75,2022-12-02 20:23:45,20:23,0
970,36.6,39.75,921.25,464.5,2022-12-02 20:25:00,20:25,0
971,36.58,38.0,921.2249999999999,472.25,2022-12-02 20:26:16,20:26,0
972,36.55,46.0,921.2250000000001,461.75,2022-12-02 20:27:31,20:27,0
973,36.55,43.0,921.25,458.75,2022-12-02 20:28:47,20:28,0
974,36.59,53.25,921.2250000000001,461.0,2022-12-02 20:30:02,20:30,0
975,36.574999999999996,42.75,921.25,468.25,2022-12-02 20:31:18,20:31,0
976,36.57,47.0,921.3,469.25,2022-12-02 20:32:33,20:32,0
977,36.5475,49.25,921.3,466.75,2022-12-02 20:33:49,20:33,0
978,36.525000000000006,44.5,921.3,471.75,2022-12-02 20:35:04,20:35,0
979,36.489999999999995,41.75,921.3249999999999,471.75,2022-12-02 20:36:20,20:36,0
980,36.46,47.25,921.325,468.0,2022-12-02 20:37:35,20:37,0
981,36.47,53.75,921.325,468.5,2022-12-02 20:38:51,20:38,0
982,36.48,51.0,921.3,470.0,2022-12-02 20:40:06,20:40,0
983,36.46,50.0,921.3,465.25,2022-12-02 20:41:21,20:41,0
984,36.4475,44.0,921.3,460.75,2022-12-02 20:42:37,20:42,0
985,36.425,41.75,921.3,465.25,2022-12-02 20:43:52,20:43,0
986,36.4,47.0,921.2249999999999,461.0,2022-12-02 20:45:07,20:45,0
987,36.385,48.0,921.2,464.25,2022-12-02 20:46:23,20:46,0
988,36.36749999999999,38.25,921.2249999999999,473.0,2022-12-02 20:47:38,20:47,0
989,36.375,48.0,921.25,470.75,2022-12-02 20:48:54,20:48,0
990,36.36,46.0,921.2,469.75,2022-12-02 20:50:09,20:50,0
991,36.34,42.0,921.2,473.5,2022-12-02 20:51:25,20:51,0
992,36.335,39.75,921.2,475.5,2022-12-02 20:52:40,20:52,0
993,36.33,51.5,921.2,470.25,2022-12-02 20:53:55,20:53,0
994,36.32,38.75,921.2,472.75,2022-12-02 20:55:11,20:55,0
995,36.294999999999995,44.5,921.2,468.25,2022-12-02 20:56:26,20:56,0
996,36.2975,46.75,921.2,476.75,2022-12-02 20:57:42,20:57,0
997,36.315,36.25,921.2,470.25,2022-12-02 20:58:57,20:58,0
998,36.309999999999995,52.25,921.2,467.75,2022-12-02 21:00:13,21:00,0
999,36.31,45.0,921.2,466.75,2022-12-02 21:01:28,21:01,0
1000,36.315,45.25,921.2,469.75,2022-12-02 21:02:44,21:02,0
1001,36.294999999999995,45.0,921.2,472.75,2022-12-02 21:03:59,21:03,0
1002,36.2775,43.75,921.2,475.5,2022-12-02 21:05:15,21:05,0
1003,36.25,45.5,921.2,479.25,2022-12-02 21:06:30,21:06,0
1004,36.265,38.75,921.15,464.75,2022-12-02 21:07:46,21:07,0
1005,36.267500000000005,49.5,921.1750000000001,471.5,2022-12-02 21:09:01,21:09,0
1006,36.25,46.75,921.125,471.25,2022-12-02 21:10:17,21:10,0
1007,36.25,48.75,921.1,463.25,2022-12-02 21:11:32,21:11,0
1008,36.25,42.5,921.125,472.25,2022-12-02 21:12:47,21:12,0
1009,36.22,43.5,921.125,469.25,2022-12-02 21:14:03,21:14,0
1010,36.190000000000005,54.5,921.1,474.75,2022-12-02 21:15:18,21:15,0
1011,36.19500000000001,44.5,921.1,479.0,2022-12-02 21:16:34,21:16,0
1012,36.207499999999996,45.0,921.1,473.25,2022-12-02 21:17:49,21:17,0
1013,36.185,41.5,921.1,476.0,2022-12-02 21:19:05,21:19,0
1014,36.165,49.25,921.1,471.0,2022-12-02 21:20:20,21:20,0
1015,36.16,43.75,921.1,470.5,2022-12-02 21:21:36,21:21,0
1016,36.15,43.75,921.1,477.75,2022-12-02 21:22:51,21:22,0
1017,36.135,46.75,921.1,478.0,2022-12-02 21:24:07,21:24,0
1018,36.1275,44.5,921.1,477.5,2022-12-02 21:25:22,21:25,0
1019,36.1475,50.75,921.1,474.25,2022-12-02 21:26:38,21:26,0
1020,36.16,46.25,921.1,470.25,2022-12-02 21:27:53,21:27,0
1021,36.16,42.5,921.075,482.0,2022-12-02 21:29:09,21:29,0
1022,36.135,49.5,921.0,477.5,2022-12-02 21:30:24,21:30,0
1023,36.11749999999999,37.75,921.0,476.5,2022-12-02 21:31:40,21:31,0
1024,36.09,46.75,920.975,478.5,2022-12-02 21:32:55,21:32,0
1025,36.07,41.0,921.0,475.0,2022-12-02 21:34:10,21:34,0
1026,36.08,42.0,921.0,462.75,2022-12-02 21:35:26,21:35,0
1027,36.1275,48.5,921.0,470.25,2022-12-02 21:36:41,21:36,0
1028,36.13,43.25,921.05,482.75,2022-12-02 21:37:57,21:37,0
1029,36.135000000000005,48.75,921.0,483.75,2022-12-02 21:39:12,21:39,0
1030,36.125,38.75,921.0,481.0,2022-12-02 21:40:28,21:40,0
1031,36.0625,43.0,920.95,472.5,2022-12-02 21:41:43,21:41,0
1032,36.065,45.0,921.0,475.25,2022-12-02 21:42:59,21:42,0
1033,36.05,48.25,921.0,478.0,2022-12-02 21:44:14,21:44,0
1034,36.08,44.25,921.025,480.25,2022-12-02 21:45:29,21:45,0
1035,36.105000000000004,45.0,921.05,481.0,2022-12-02 21:46:45,21:46,0
1036,36.09,39.75,921.0749999999999,471.25,2022-12-02 21:48:00,21:48,0
1037,36.07,46.0,921.0749999999999,470.25,2022-12-02 21:49:15,21:49,0
1038,36.06,41.0,921.0749999999999,474.5,2022-12-02 21:50:31,21:50,0
1039,36.05,44.75,921.1,475.0,2022-12-02 21:51:46,21:51,0
1040,36.0275,50.25,921.0749999999999,475.0,2022-12-02 21:53:02,21:53,0
1041,36.02,43.75,921.0,471.5,2022-12-02 21:54:17,21:54,0
1042,36.04,40.5,921.0,473.5,2022-12-02 21:55:33,21:55,0
1043,36.05,39.75,921.0,483.25,2022-12-02 21:56:48,21:56,0
1044,36.0475,48.0,921.0,478.75,2022-12-02 21:58:04,21:58,0
1045,36.045,45.25,921.025,471.75,2022-12-02 21:59:19,21:59,0
1046,36.035,45.0,921.025,464.75,2022-12-02 22:00:35,22:00,0
1047,36.02,47.75,921.05,469.0,2022-12-02 22:01:50,22:01,0
1048,36.0,46.0,921.0,474.25,2022-12-02 22:03:05,22:03,0
1049,36.005,35.25,921.0,476.25,2022-12-02 22:04:21,22:04,0
1050,36.0475,49.0,921.0,483.5,2022-12-02 22:05:36,22:05,0
1051,36.05,37.0,921.0,474.75,2022-12-02 22:06:52,22:06,0
1052,36.05,46.5,921.0,476.25,2022-12-02 22:08:07,22:08,0
1053,36.05,38.5,921.05,488.5,2022-12-02 22:09:23,22:09,0
1054,36.044999999999995,42.25,921.0749999999999,485.25,2022-12-02 22:10:38,22:10,0
1055,36.0,53.5,921.1,479.5,2022-12-02 22:11:54,22:11,0
1056,35.98,42.25,921.1500000000001,484.25,2022-12-02 22:13:09,22:13,0
1057,35.995,42.25,921.1,478.0,2022-12-02 22:14:25,22:14,0
1058,36.0,42.75,921.1,478.0,2022-12-02 22:15:40,22:15,0
1059,36.0,42.25,921.1,471.0,2022-12-02 22:16:56,22:16,0
1060,36.0,42.0,921.1,476.5,2022-12-02 22:18:11,22:18,0
1061,35.98,44.0,921.1,486.25,2022-12-02 22:19:27,22:19,0
1062,35.975,43.5,921.1,487.25,2022-12-02 22:20:42,22:20,0
1063,35.9575,47.5,921.1,477.75,2022-12-02 22:21:58,22:21,0
1064,35.9625,41.0,921.0749999999999,476.5,2022-12-02 22:23:13,22:23,0
1065,35.98,41.25,921.1,489.5,2022-12-02 22:24:29,22:24,0
1066,35.98,44.0,921.1,492.5,2022-12-02 22:25:44,22:25,0
1067,35.98,50.25,921.0749999999999,496.0,2022-12-02 22:27:00,22:27,0
1068,35.98,39.0,921.05,484.25,2022-12-02 22:28:15,22:28,0
1069,35.97,38.5,921.0749999999999,479.25,2022-12-02 22:29:30,22:29,0
1070,35.9425,49.5,921.075,480.75,2022-12-02 22:30:46,22:30,0
1071,35.93,48.5,921.025,476.0,2022-12-02 22:32:01,22:32,0
1072,35.9575,39.0,921.025,473.0,2022-12-02 22:33:17,22:33,0
1073,35.974999999999994,42.75,921.0,478.5,2022-12-02 22:34:32,22:34,0
1074,35.98,47.25,921.0,479.5,2022-12-02 22:35:48,22:35,0
1075,35.98,40.5,921.0,468.75,2022-12-02 22:37:03,22:37,0
1076,35.975,46.5,921.0,471.75,2022-12-02 22:38:19,22:38,0
1077,35.9425,39.75,921.05,470.25,2022-12-02 22:39:34,22:39,0
1078,35.885,43.0,921.025,473.75,2022-12-02 22:40:49,22:40,0
1079,35.88250000000001,46.75,921.0,483.75,2022-12-02 22:42:05,22:42,0
1080,35.91,46.25,921.0,479.0,2022-12-02 22:43:20,22:43,0
1081,35.9,43.5,921.0,479.5,2022-12-02 22:44:36,22:44,0
1082,35.89,51.75,921.0,483.75,2022-12-02 22:45:51,22:45,0
1083,35.8825,44.5,921.0,484.5,2022-12-02 22:47:07,22:47,0
1084,35.8625,42.25,921.0,480.25,2022-12-02 22:48:22,22:48,0
1085,35.824999999999996,42.5,921.0,479.0,2022-12-02 22:49:38,22:49,0
1086,35.809999999999995,50.0,921.0,473.25,2022-12-02 22:50:53,22:50,0
1087,35.83,45.25,921.0,472.25,2022-12-02 22:52:08,22:52,0
1088,35.8625,48.5,921.0,474.5,2022-12-02 22:53:24,22:53,0
1089,35.8625,40.0,921.0,471.25,2022-12-02 22:54:39,22:54,0
1090,35.835,46.75,921.0,476.5,2022-12-02 22:55:55,22:55,0
1091,35.82,33.0,921.0,484.75,2022-12-02 22:57:10,22:57,0
1092,35.8,47.0,921.025,480.75,2022-12-02 22:58:26,22:58,0
1093,35.78,49.5,921.0,489.0,2022-12-02 22:59:41,22:59,0
1094,35.7775,40.25,921.0,479.75,2022-12-02 23:00:57,23:00,0
1095,35.795,40.0,921.0,488.5,2022-12-02 23:02:12,23:02,0
1096,35.8,42.75,921.0,482.75,2022-12-02 23:03:28,23:03,0
1097,35.8,47.5,921.0,472.0,2022-12-02 23:04:43,23:04,0
1098,35.8,42.5,921.0,471.5,2022-12-02 23:05:59,23:05,0
1099,35.8,50.5,921.0,483.5,2022-12-02 23:07:14,23:07,0
1100,35.7975,40.0,921.0,480.25,2022-12-02 23:08:29,23:08,0
1101,35.7775,52.5,921.0,476.75,2022-12-02 23:09:45,23:09,0
1102,35.78999999999999,47.25,921.0,490.5,2022-12-02 23:11:00,23:11,0
1103,35.82,44.75,921.0,483.75,2022-12-02 23:12:16,23:12,0
1104,35.82,44.5,921.0,479.5,2022-12-02 23:13:31,23:13,0
1105,35.81,36.25,921.0,474.0,2022-12-02 23:14:47,23:14,0
1106,35.8,49.25,921.0,477.5,2022-12-02 23:16:02,23:16,0
1107,35.7925,52.5,920.975,479.75,2022-12-02 23:17:17,23:17,0
1108,35.755,46.0,920.9250000000001,485.25,2022-12-02 23:18:33,23:18,0
1109,35.75,46.5,921.0,485.5,2022-12-02 23:19:48,23:19,0
1110,35.7675,45.25,921.0,479.25,2022-12-02 23:21:04,23:21,0
1111,35.7825,46.0,920.95,479.0,2022-12-02 23:22:19,23:22,0
1112,35.775000000000006,48.5,921.0,473.0,2022-12-02 23:23:35,23:23,0
1113,35.785,47.25,921.0,479.75,2022-12-02 23:24:50,23:24,0
1114,35.79,46.0,921.025,480.75,2022-12-02 23:26:06,23:26,0
1115,35.775000000000006,36.75,921.0,475.25,2022-12-02 23:27:21,23:27,0
1116,35.73499999999999,40.5,920.975,462.25,2022-12-02 23:28:37,23:28,0
1117,35.73,42.0,920.95,475.5,2022-12-02 23:29:52,23:29,0
1118,35.7775,39.25,921.0,482.75,2022-12-02 23:31:08,23:31,0
1119,35.79,48.25,921.0,484.0,2022-12-02 23:32:23,23:32,0
1120,35.79,36.75,921.0,481.25,2022-12-02 23:33:39,23:33,0
1121,35.7825,50.75,921.0,484.75,2022-12-02 23:34:54,23:34,0
1122,35.78,41.75,920.9250000000001,479.25,2022-12-02 23:36:09,23:36,0
1123,35.760000000000005,42.0,920.9,476.0,2022-12-02 23:37:25,23:37,0
1124,35.73,49.25,920.9,479.5,2022-12-02 23:38:40,23:38,0
1125,35.7575,44.0,920.9,477.25,2022-12-02 23:39:56,23:39,0
1126,35.79,38.75,920.9250000000001,478.0,2022-12-02 23:41:11,23:41,0
1127,35.78,43.75,920.9,484.5,2022-12-02 23:42:27,23:42,0
1128,35.760000000000005,34.75,920.9,478.25,2022-12-02 23:43:42,23:43,0
1129,35.75,44.0,920.9,483.5,2022-12-02 23:44:57,23:44,0
1130,35.75,48.5,921.0,480.25,2022-12-02 23:46:13,23:46,0
1131,35.72,48.0,920.9,479.5,2022-12-02 23:47:28,23:47,0
1132,35.705000000000005,44.25,920.95,466.5,2022-12-02 23:48:44,23:48,0
1133,35.725,52.75,920.975,482.25,2022-12-02 23:49:59,23:49,0
1134,35.75,47.75,920.9,477.75,2022-12-02 23:51:15,23:51,0
1135,35.755,39.75,920.9250000000001,475.0,2022-12-02 23:52:30,23:52,0
1136,35.76500000000001,44.0,920.9,491.5,2022-12-02 23:53:45,23:53,0
1137,35.75,35.5,920.9250000000001,481.0,2022-12-02 23:55:01,23:55,0
1138,35.73499999999999,41.25,920.9,480.5,2022-12-02 23:56:16,23:56,0
1139,35.71,35.25,920.9,483.0,2022-12-02 23:57:32,23:57,0
1140,35.72,43.0,920.9250000000001,479.75,2022-12-02 23:58:48,23:58,0
